<?xml version="1.0" encoding="UTF-8"?>
<PeakList modified="2017-01-24T12:58:07">
  <PeakList2D>
    <PeakList2DHeader creator="liermann@OCNMR99" date="2017-01-24T12:58:07" expNo="6" name="2-picolin_109-06-8" owner="liermann" procNo="1" source="//ocnmr1.chemie.uni-mainz.de/admin/JGU-NMR/Lehre/chemikalienlager">
      <PeakPickDetails># F2 peak picking range ( ppm )
# 2 F1P=12.809009552001953, 2 F2P=-0.209003211899201
# F1 peak picking range ( ppm )
# 1 F1P=230.050399780273, 1 F2P=-10.050392895964961
# MI=0.001 (= 130662.4725), MAXI=1.0 (= 1.306624725E8)
# PEAK RESOL.=1, INTERPOL. TYPE=PARABOLIC, DIAG. GAP=-1, MAX. # PEAKS=2147483647
</PeakPickDetails>
    </PeakList2DHeader>
    <Peak2D F1="25.3297" F2="2.6831" intensity="132692.30" type="0"/>
    <Peak2D F1="27.7010" F2="2.6562" intensity="133595.08" type="0"/>
    <Peak2D F1="158.4087" F2="2.6767" intensity="140252.03" type="0"/>
    <Peak2D F1="158.2438" F2="2.4418" intensity="140712.36" type="0"/>
    <Peak2D F1="121.2524" F2="2.5792" intensity="141978.62" type="0"/>
    <Peak2D F1="147.7591" F2="7.0750" intensity="143562.66" type="0"/>
    <Peak2D F1="158.3014" F2="8.5433" intensity="146114.15" type="0"/>
    <Peak2D F1="151.9227" F2="7.5552" intensity="148327.58" type="0"/>
    <Peak2D F1="121.5099" F2="7.0675" intensity="148828.76" type="0"/>
    <Peak2D F1="23.0450" F2="7.1414" intensity="151506.20" type="0"/>
    <Peak2D F1="158.3177" F2="8.4360" intensity="151729.52" type="0"/>
    <Peak2D F1="25.7987" F2="7.1409" intensity="154027.84" type="0"/>
    <Peak2D F1="119.2259" F2="8.4958" intensity="155018.53" type="0"/>
    <Peak2D F1="123.1352" F2="2.4551" intensity="156227.95" type="0"/>
    <Peak2D F1="-0.6101" F2="2.5547" intensity="158034.81" type="0"/>
    <Peak2D F1="27.1994" F2="2.4461" intensity="158058.62" type="0"/>
    <Peak2D F1="123.3501" F2="2.4428" intensity="158368.98" type="0"/>
    <Peak2D F1="123.0675" F2="2.6622" intensity="161220.58" type="0"/>
    <Peak2D F1="123.3633" F2="2.6491" intensity="161255.34" type="0"/>
    <Peak2D F1="149.1131" F2="8.6023" intensity="161348.01" type="0"/>
    <Peak2D F1="155.5142" F2="7.5567" intensity="161694.73" type="0"/>
    <Peak2D F1="27.2040" F2="2.6575" intensity="162095.69" type="0"/>
    <Peak2D F1="24.4447" F2="2.5111" intensity="162762.90" type="0"/>
    <Peak2D F1="21.6354" F2="2.4456" intensity="163212.70" type="0"/>
    <Peak2D F1="155.9309" F2="7.5596" intensity="163865.55" type="0"/>
    <Peak2D F1="134.8886" F2="8.4904" intensity="170238.55" type="0"/>
    <Peak2D F1="98.4327" F2="1.3858" intensity="171235.76" type="0"/>
    <Peak2D F1="159.6678" F2="7.1404" intensity="174575.74" type="0"/>
    <Peak2D F1="21.6361" F2="2.6569" intensity="175451.66" type="0"/>
    <Peak2D F1="149.1176" F2="8.3708" intensity="176501.66" type="0"/>
    <Peak2D F1="151.4180" F2="2.5540" intensity="178333.79" type="0"/>
    <Peak2D F1="137.6684" F2="8.4805" intensity="179381.73" type="0"/>
    <Peak2D F1="134.7415" F2="2.2997" intensity="181405.02" type="0"/>
    <Peak2D F1="146.3494" F2="7.5575" intensity="181518.33" type="0"/>
    <Peak2D F1="24.4140" F2="2.5879" intensity="183636.09" type="0"/>
    <Peak2D F1="149.1714" F2="8.3109" intensity="189667.80" type="0"/>
    <Peak2D F1="120.7659" F2="8.4504" intensity="198154.23" type="0"/>
    <Peak2D F1="153.9230" F2="2.5535" intensity="199882.76" type="0"/>
    <Peak2D F1="127.3889" F2="2.5537" intensity="201911.19" type="0"/>
    <Peak2D F1="158.4096" F2="2.4561" intensity="203083.92" type="0"/>
    <Peak2D F1="160.6360" F2="7.5583" intensity="203842.46" type="0"/>
    <Peak2D F1="146.8118" F2="7.5578" intensity="206009.10" type="0"/>
    <Peak2D F1="24.4475" F2="2.3779" intensity="208048.47" type="0"/>
    <Peak2D F1="151.5050" F2="7.5578" intensity="213096.07" type="0"/>
    <Peak2D F1="119.3280" F2="2.5542" intensity="214242.26" type="0"/>
    <Peak2D F1="149.1232" F2="7.1439" intensity="215603.83" type="0"/>
    <Peak2D F1="118.0562" F2="2.5494" intensity="219318.38" type="0"/>
    <Peak2D F1="126.8669" F2="2.5523" intensity="221015.05" type="0"/>
    <Peak2D F1="22.0981" F2="2.4459" intensity="227627.57" type="0"/>
    <Peak2D F1="22.0978" F2="2.6573" intensity="232488.43" type="0"/>
    <Peak2D F1="147.0316" F2="2.3420" intensity="232774.48" type="0"/>
    <Peak2D F1="128.7910" F2="2.3000" intensity="241356.09" type="0"/>
    <Peak2D F1="124.7256" F2="7.0693" intensity="248223.35" type="0"/>
    <Peak2D F1="153.2492" F2="2.5521" intensity="254943.15" type="0"/>
    <Peak2D F1="158.3733" F2="2.6637" intensity="256414.02" type="0"/>
    <Peak2D F1="163.9913" F2="2.5521" intensity="260086.65" type="0"/>
    <Peak2D F1="24.5548" F2="7.0763" intensity="263440.77" type="0"/>
    <Peak2D F1="126.3902" F2="2.5522" intensity="264364.36" type="0"/>
    <Peak2D F1="26.7490" F2="2.4457" intensity="265803.46" type="0"/>
    <Peak2D F1="26.7458" F2="2.6568" intensity="268132.66" type="0"/>
    <Peak2D F1="120.7144" F2="6.9393" intensity="279724.70" type="0"/>
    <Peak2D F1="129.5818" F2="2.2568" intensity="280084.64" type="0"/>
    <Peak2D F1="136.2124" F2="7.0774" intensity="287377.86" type="0"/>
    <Peak2D F1="120.7858" F2="7.2100" intensity="288876.57" type="0"/>
    <Peak2D F1="24.4801" F2="2.3910" intensity="314441.76" type="0"/>
    <Peak2D F1="23.5249" F2="7.1414" intensity="319049.20" type="0"/>
    <Peak2D F1="24.4512" F2="2.6014" intensity="320316.89" type="0"/>
    <Peak2D F1="123.3139" F2="2.6361" intensity="321447.95" type="0"/>
    <Peak2D F1="150.0441" F2="7.0696" intensity="327775.12" type="0"/>
    <Peak2D F1="162.5510" F2="2.5505" intensity="329592.93" type="0"/>
    <Peak2D F1="22.5605" F2="2.6568" intensity="329749.67" type="0"/>
    <Peak2D F1="120.6275" F2="7.1755" intensity="331474.70" type="0"/>
    <Peak2D F1="22.5659" F2="2.4454" intensity="332426.69" type="0"/>
    <Peak2D F1="120.7914" F2="7.5553" intensity="338318.35" type="0"/>
    <Peak2D F1="147.2861" F2="7.5566" intensity="345926.65" type="0"/>
    <Peak2D F1="156.4547" F2="7.5576" intensity="350741.91" type="0"/>
    <Peak2D F1="24.3946" F2="2.4991" intensity="355478.97" type="0"/>
    <Peak2D F1="24.4477" F2="2.7080" intensity="357944.88" type="0"/>
    <Peak2D F1="122.7613" F2="8.4905" intensity="368288.41" type="0"/>
    <Peak2D F1="158.4315" F2="2.4687" intensity="369844.76" type="0"/>
    <Peak2D F1="158.3345" F2="8.4488" intensity="380093.31" type="0"/>
    <Peak2D F1="124.6282" F2="2.3444" intensity="381694.18" type="0"/>
    <Peak2D F1="125.8965" F2="2.5534" intensity="383861.32" type="0"/>
    <Peak2D F1="160.1732" F2="7.5563" intensity="386877.30" type="0"/>
    <Peak2D F1="137.1951" F2="8.4814" intensity="387513.07" type="0"/>
    <Peak2D F1="158.4649" F2="2.6376" intensity="387654.75" type="0"/>
    <Peak2D F1="149.0567" F2="2.5531" intensity="398492.67" type="0"/>
    <Peak2D F1="24.4237" F2="7.5562" intensity="398844.26" type="0"/>
    <Peak2D F1="158.4948" F2="8.5310" intensity="404064.71" type="0"/>
    <Peak2D F1="123.2109" F2="8.4927" intensity="422473.87" type="0"/>
    <Peak2D F1="26.2770" F2="2.4455" intensity="426140.07" type="0"/>
    <Peak2D F1="158.5145" F2="7.0763" intensity="427797.14" type="0"/>
    <Peak2D F1="136.2319" F2="7.1394" intensity="429725.69" type="0"/>
    <Peak2D F1="151.0277" F2="7.5560" intensity="430420.04" type="0"/>
    <Peak2D F1="25.3311" F2="7.1397" intensity="432415.89" type="0"/>
    <Peak2D F1="26.2835" F2="2.6570" intensity="438181.15" type="0"/>
    <Peak2D F1="123.1584" F2="7.5555" intensity="485858.89" type="0"/>
    <Peak2D F1="155.0980" F2="2.5528" intensity="500332.02" type="0"/>
    <Peak2D F1="156.8903" F2="7.5605" intensity="513361.09" type="0"/>
    <Peak2D F1="24.4107" F2="2.6158" intensity="520646.58" type="0"/>
    <Peak2D F1="158.4225" F2="2.6244" intensity="532795.42" type="0"/>
    <Peak2D F1="158.3674" F2="2.4809" intensity="541318.91" type="0"/>
    <Peak2D F1="136.4809" F2="2.2556" intensity="581501.46" type="0"/>
    <Peak2D F1="150.5573" F2="7.5553" intensity="582883.01" type="0"/>
    <Peak2D F1="159.6847" F2="7.5561" intensity="587277.55" type="0"/>
    <Peak2D F1="125.4248" F2="2.5540" intensity="593433.91" type="0"/>
    <Peak2D F1="161.5787" F2="2.5518" intensity="597832.24" type="0"/>
    <Peak2D F1="147.7488" F2="7.5588" intensity="638258.94" type="0"/>
    <Peak2D F1="23.0648" F2="2.4456" intensity="649530.61" type="0"/>
    <Peak2D F1="23.0628" F2="2.6569" intensity="660898.45" type="0"/>
    <Peak2D F1="24.4336" F2="2.4044" intensity="662643.42" type="0"/>
    <Peak2D F1="24.4399" F2="2.4862" intensity="717933.25" type="0"/>
    <Peak2D F1="24.4902" F2="2.6956" intensity="719028.10" type="0"/>
    <Peak2D F1="25.7965" F2="2.6568" intensity="770096.73" type="0"/>
    <Peak2D F1="25.7993" F2="2.4455" intensity="778514.77" type="0"/>
    <Peak2D F1="158.3842" F2="2.4939" intensity="827353.79" type="0"/>
    <Peak2D F1="124.9249" F2="2.5527" intensity="1176314.75" type="0"/>
    <Peak2D F1="24.4543" F2="2.4192" intensity="1336746.68" type="0"/>
    <Peak2D F1="23.5692" F2="2.4456" intensity="1366165.22" type="0"/>
    <Peak2D F1="23.5619" F2="2.6570" intensity="1385003.84" type="0"/>
    <Peak2D F1="77.2312" F2="7.1078" intensity="1429682.25" type="0"/>
    <Peak2D F1="157.4127" F2="7.5586" intensity="1436539.69" type="0"/>
    <Peak2D F1="77.2841" F2="7.4571" intensity="1437376.18" type="0"/>
    <Peak2D F1="148.2472" F2="7.5574" intensity="1532320.33" type="0"/>
    <Peak2D F1="150.0554" F2="7.5552" intensity="1592452.86" type="0"/>
    <Peak2D F1="24.4604" F2="2.4725" intensity="1593147.29" type="0"/>
    <Peak2D F1="159.1913" F2="7.5567" intensity="1692427.09" type="0"/>
    <Peak2D F1="149.1637" F2="8.3301" intensity="1742416.25" type="0"/>
    <Peak2D F1="149.1740" F2="8.6256" intensity="1752617.34" type="0"/>
    <Peak2D F1="24.4630" F2="2.6831" intensity="1763256.31" type="0"/>
    <Peak2D F1="149.0999" F2="8.3504" intensity="1766763.01" type="0"/>
    <Peak2D F1="149.1024" F2="8.6450" intensity="1795164.57" type="0"/>
    <Peak2D F1="136.2682" F2="7.6882" intensity="1824473.72" type="0"/>
    <Peak2D F1="136.2480" F2="7.4193" intensity="1845127.29" type="0"/>
    <Peak2D F1="25.3037" F2="2.4455" intensity="1899009.52" type="0"/>
    <Peak2D F1="120.5825" F2="2.5532" intensity="1899057.64" type="0"/>
    <Peak2D F1="25.3097" F2="2.6569" intensity="1918745.54" type="0"/>
    <Peak2D F1="160.1216" F2="2.5522" intensity="2166216.94" type="0"/>
    <Peak2D F1="124.5104" F2="2.5530" intensity="2187470.11" type="0"/>
    <Peak2D F1="121.2680" F2="2.5533" intensity="2243341.69" type="0"/>
    <Peak2D F1="123.2384" F2="7.2728" intensity="2575251.15" type="0"/>
    <Peak2D F1="123.2437" F2="7.0045" intensity="2673769.81" type="0"/>
    <Peak2D F1="158.3876" F2="8.5070" intensity="4275222.62" type="0"/>
    <Peak2D F1="158.3663" F2="8.4722" intensity="4365186.36" type="0"/>
    <Peak2D F1="149.1130" F2="7.0758" intensity="5016545.36" type="0"/>
    <Peak2D F1="24.4563" F2="7.1404" intensity="5534330.93" type="0"/>
    <Peak2D F1="136.2157" F2="8.4873" intensity="6304577.01" type="0"/>
    <Peak2D F1="158.3883" F2="7.1398" intensity="6320740.88" type="0"/>
    <Peak2D F1="120.7013" F2="8.4819" intensity="6466656.03" type="0"/>
    <Peak2D F1="120.6351" F2="8.4967" intensity="6576913.57" type="0"/>
    <Peak2D F1="123.2791" F2="7.0754" intensity="10545086.09" type="0"/>
    <Peak2D F1="158.3314" F2="7.5569" intensity="21519687.71" type="0"/>
    <Peak2D F1="149.1555" F2="7.5567" intensity="22502920.77" type="0"/>
    <Peak2D F1="24.4746" F2="2.4455" intensity="24989490.55" type="0"/>
    <Peak2D F1="24.4726" F2="2.6569" intensity="25176757.21" type="0"/>
    <Peak2D F1="120.6632" F2="7.1406" intensity="26361026.90" type="0"/>
    <Peak2D F1="123.2135" F2="2.5527" intensity="71951009.32" type="0"/>
    <Peak2D F1="158.4074" F2="2.5523" intensity="139250355.23" type="0"/>
  </PeakList2D>
</PeakList>
