{
    "spectra": [
        {
            "data": {},
            "source": {
                "original": [],
                "jcamp": null,
                "jcampURL": "./109-65-9/1h.dx"
            },
            "display": {
                "name": "1h",
                "color": "#C10020",
                "isVisible": true,
                "isPeaksMarkersVisible": true,
                "isRealSpectrumVisible": true
            }
        }
    ],
    "molecules": [
        {
            "molfile": "\nActelion Java MolfileCreator 2.0\n\n  0  0  0  0  0  0              0 V3000\nM  V30 BEGIN CTAB\nM  V30 COUNTS 5 4 0 0 0\nM  V30 BEGIN ATOM\nM  V30 1 C 0.4536 -0.3622 0 0\nM  V30 2 C 1.7636 0.3685 0 0\nM  V30 3 C 3.0514 -0.4005 0 0\nM  V30 4 C 4.3614 0.3301 0 0\nM  V30 5 Br -0.8341 0.4069 0 0\nM  V30 END ATOM\nM  V30 BEGIN BOND\nM  V30 1 1 2 3\nM  V30 2 1 1 2\nM  V30 3 1 1 5\nM  V30 4 1 3 4\nM  V30 END BOND\nM  V30 END CTAB\nM  END\n"
        }
    ]
}