{
    "spectra": [
        {
            "data": {},
            "source": {
                "original": [],
                "jcamp": null,
                "jcampURL": "./107-02-8/dept.dx"
            },
            "display": {
                "name": "dept",
                "color": "#C10020",
                "isVisible": true,
                "isPeaksMarkersVisible": true,
                "isRealSpectrumVisible": true
            }
        }
    ],
    "molecules": [
        {
            "molfile": "\nActelion Java MolfileCreator 2.0\n\n  0  0  0  0  0  0              0 V3000\nM  V30 BEGIN CTAB\nM  V30 COUNTS 6 5 0 0 0\nM  V30 BEGIN ATOM\nM  V30 1 C 2.983 18.6678 0 0\nM  V30 2 C 4.483 18.6678 0 0\nM  V30 3 C 5.233 17.3688 0 0\nM  V30 4 O 2.233 19.9668 0 0\nM  V30 5 H 4.483 16.0697 0 0\nM  V30 6 H 6.733 17.3688 0 0\nM  V30 END ATOM\nM  V30 BEGIN BOND\nM  V30 1 2 1 4\nM  V30 2 1 1 2\nM  V30 3 2 2 3\nM  V30 4 1 3 5\nM  V30 5 1 3 6\nM  V30 END BOND\nM  V30 END CTAB\nM  END\n"
        }
    ]
}