{
    "spectra": [
        {
            "data": {},
            "source": {
                "original": [],
                "jcamp": null,
                "jcampURL": "./110-83-8/1h.dx"
            },
            "display": {
                "name": "1h",
                "color": "#C10020",
                "isVisible": true,
                "isPeaksMarkersVisible": true,
                "isRealSpectrumVisible": true
            }
        },
        {
            "data": {},
            "source": {
                "original": [],
                "jcamp": null,
                "jcampURL": "./110-83-8/13c.dx"
            },
            "display": {
                "name": "13c",
                "color": "#C10020",
                "isVisible": true,
                "isPeaksMarkersVisible": true,
                "isRealSpectrumVisible": true
            }
        },
        {
            "source": {
                "original": [],
                "jcamp": null,
                "jcampURL": "./110-83-8/cosy.dx"
            },
            "display": {
                "name": "cosy",
                "positiveColor": "red",
                "negativeColor": "blue",
                "isPositiveVisible": true,
                "isNegativeVisible": true
            }
        },
        {
            "source": {
                "original": [],
                "jcamp": null,
                "jcampURL": "./110-83-8/hsqc.dx"
            },
            "display": {
                "name": "hsqc",
                "positiveColor": "red",
                "negativeColor": "blue",
                "isPositiveVisible": true,
                "isNegativeVisible": true
            }
        },
        {
            "source": {
                "original": [],
                "jcamp": null,
                "jcampURL": "./110-83-8/hmbc.dx"
            },
            "display": {
                "name": "hmbc",
                "positiveColor": "red",
                "negativeColor": "blue",
                "isPositiveVisible": true,
                "isNegativeVisible": true
            }
        }
    ],
    "molecules": [
        {
            "molfile": "\nActelion Java MolfileCreator 2.0\n\n  0  0  0  0  0  0              0 V3000\nM  V30 BEGIN CTAB\nM  V30 COUNTS 6 6 0 0 0\nM  V30 BEGIN ATOM\nM  V30 1 C 0 1.5 0 0\nM  V30 2 C 1.299 0.75 0 0\nM  V30 3 C 1.299 -0.75 0 0\nM  V30 4 C 0 -1.5 0 0\nM  V30 5 C -1.299 -0.75 0 0\nM  V30 6 C -1.299 0.75 0 0\nM  V30 END ATOM\nM  V30 BEGIN BOND\nM  V30 1 2 1 2\nM  V30 2 1 1 6\nM  V30 3 1 2 3\nM  V30 4 1 3 4\nM  V30 5 1 4 5\nM  V30 6 1 5 6\nM  V30 END BOND\nM  V30 END CTAB\nM  END\n"
        }
    ]
}