{
    "spectra": [
        {
            "data": {},
            "source": {
                "original": [],
                "jcamp": null,
                "jcampURL": "./123-73-9/13c.dx"
            },
            "display": {
                "name": "13c",
                "color": "#C10020",
                "isVisible": true,
                "isPeaksMarkersVisible": true,
                "isRealSpectrumVisible": true
            }
        },
        {
            "data": {},
            "source": {
                "original": [],
                "jcamp": null,
                "jcampURL": "./123-73-9/1h.dx"
            },
            "display": {
                "name": "1h",
                "color": "#C10020",
                "isVisible": true,
                "isPeaksMarkersVisible": true,
                "isRealSpectrumVisible": true
            }
        },
        {
            "data": {},
            "source": {
                "original": [],
                "jcamp": null,
                "jcampURL": "./123-73-9/cosy.dx"
            },
            "display": {
                "name": "cosy",
                "color": "#C10020",
                "isVisible": true,
                "isPeaksMarkersVisible": true,
                "isRealSpectrumVisible": true
            }
        },
        {
            "data": {},
            "source": {
                "original": [],
                "jcamp": null,
                "jcampURL": "./123-73-9/noesy.dx"
            },
            "display": {
                "name": "noesy",
                "color": "#C10020",
                "isVisible": true,
                "isPeaksMarkersVisible": true,
                "isRealSpectrumVisible": true
            }
        },
        {
            "data": {},
            "source": {
                "original": [],
                "jcamp": null,
                "jcampURL": "./123-73-9/hmbc.dx"
            },
            "display": {
                "name": "hmbc",
                "color": "#C10020",
                "isVisible": true,
                "isPeaksMarkersVisible": true,
                "isRealSpectrumVisible": true
            }
        },
        {
            "data": {},
            "source": {
                "original": [],
                "jcamp": null,
                "jcampURL": "./123-73-9/hsqc.dx"
            },
            "display": {
                "name": "hsqc",
                "color": "#C10020",
                "isVisible": true,
                "isPeaksMarkersVisible": true,
                "isRealSpectrumVisible": true
            }
        }
     ],
    "molecules": [
        {
            "molfile": "\nActelion Java MolfileCreator 2.0\n\n  0  0  0  0  0  0              0 V3000\nM  V30 BEGIN CTAB\nM  V30 COUNTS 6 5 0 0 0\nM  V30 BEGIN ATOM\nM  V30 1 C 3.5901 3.7938 0 0\nM  V30 2 C 5.0901 3.7938 0 0\nM  V30 3 C 5.8401 2.4948 0 0\nM  V30 4 C 7.3401 2.4948 0 0\nM  V30 5 O 2.8401 5.0928 0 0\nM  V30 6 H 2.8401 2.4948 0 0\nM  V30 END ATOM\nM  V30 BEGIN BOND\nM  V30 1 1 3 4\nM  V30 2 2 1 5\nM  V30 3 1 1 2\nM  V30 4 2 2 3\nM  V30 5 1 1 6\nM  V30 END BOND\nM  V30 END CTAB\nM  END\n"
        }
    ]
}