<?xml version="1.0" encoding="UTF-8"?>
<PeakList modified="2017-01-24T12:58:10">
  <PeakList2D>
    <PeakList2DHeader creator="liermann@OCNMR99" date="2017-01-24T12:58:10" expNo="7" name="2-picolin_109-06-8" owner="liermann" procNo="1" source="//ocnmr1.chemie.uni-mainz.de/admin/JGU-NMR/Lehre/chemikalienlager">
      <PeakPickDetails># F2 peak picking range ( ppm )
# 2 F1P=9.708252906799316, 2 F2P=-0.5019531825349777
# F1 peak picking range ( ppm )
# 1 F1P=9.708252906799316, 1 F2P=-0.5019531825349777
# MI=0.001 (= 144119.005), MAXI=1.0 (= 1.44119005E8)
# PEAK RESOL.=1, INTERPOL. TYPE=PARABOLIC, DIAG. GAP=9, MAX. # PEAKS=2147483647
</PeakPickDetails>
    </PeakList2DHeader>
    <Peak2D F1="8.4326" F2="2.5594" intensity="144655.09" type="0"/>
    <Peak2D F1="1.1011" F2="2.5485" intensity="-147345.88" type="0"/>
    <Peak2D F1="3.8279" F2="2.5586" intensity="147609.28" type="0"/>
    <Peak2D F1="0.0518" F2="2.5604" intensity="153200.27" type="0"/>
    <Peak2D F1="8.1916" F2="2.5471" intensity="-155485.65" type="0"/>
    <Peak2D F1="0.8672" F2="2.5477" intensity="156803.89" type="0"/>
    <Peak2D F1="1.1925" F2="2.5600" intensity="-159084.75" type="0"/>
    <Peak2D F1="0.1901" F2="2.5488" intensity="159593.69" type="0"/>
    <Peak2D F1="3.0568" F2="2.5483" intensity="-160802.03" type="0"/>
    <Peak2D F1="-0.0568" F2="2.5484" intensity="-162485.21" type="0"/>
    <Peak2D F1="7.4330" F2="2.5605" intensity="-162655.06" type="0"/>
    <Peak2D F1="7.9363" F2="2.5610" intensity="163525.18" type="0"/>
    <Peak2D F1="1.4092" F2="2.5602" intensity="-164972.39" type="0"/>
    <Peak2D F1="1.6713" F2="2.5578" intensity="165066.83" type="0"/>
    <Peak2D F1="7.3168" F2="7.1407" intensity="-165069.62" type="0"/>
    <Peak2D F1="2.2588" F2="2.5513" intensity="167289.28" type="0"/>
    <Peak2D F1="6.8920" F2="2.5606" intensity="-170038.55" type="0"/>
    <Peak2D F1="2.5521" F2="7.1418" intensity="-173550.59" type="0"/>
    <Peak2D F1="0.9968" F2="2.5476" intensity="-173687.19" type="0"/>
    <Peak2D F1="4.1649" F2="2.5609" intensity="-182578.44" type="0"/>
    <Peak2D F1="8.6259" F2="8.4889" intensity="182822.25" type="0"/>
    <Peak2D F1="4.7229" F2="2.5490" intensity="182844.77" type="0"/>
    <Peak2D F1="6.1641" F2="2.5609" intensity="183841.79" type="0"/>
    <Peak2D F1="4.0810" F2="2.5475" intensity="187619.75" type="0"/>
    <Peak2D F1="8.6655" F2="8.4912" intensity="-189523.01" type="0"/>
    <Peak2D F1="4.4690" F2="2.5607" intensity="199549.08" type="0"/>
    <Peak2D F1="7.7576" F2="2.5502" intensity="203653.23" type="0"/>
    <Peak2D F1="2.9226" F2="2.5486" intensity="204203.78" type="0"/>
    <Peak2D F1="8.4890" F2="7.0758" intensity="-204489.13" type="0"/>
    <Peak2D F1="3.1939" F2="2.5473" intensity="-207057.19" type="0"/>
    <Peak2D F1="7.0308" F2="2.5608" intensity="-215630.61" type="0"/>
    <Peak2D F1="9.1591" F2="2.5599" intensity="-220491.82" type="0"/>
    <Peak2D F1="3.2861" F2="2.5489" intensity="-223765.98" type="0"/>
    <Peak2D F1="7.0663" F2="7.5537" intensity="228322.06" type="0"/>
    <Peak2D F1="0.3776" F2="2.5567" intensity="231326.87" type="0"/>
    <Peak2D F1="9.5811" F2="2.5492" intensity="231385.72" type="0"/>
    <Peak2D F1="8.0695" F2="2.5482" intensity="238271.05" type="0"/>
    <Peak2D F1="6.9396" F2="7.0760" intensity="245229.64" type="0"/>
    <Peak2D F1="8.2422" F2="2.5595" intensity="251290.88" type="0"/>
    <Peak2D F1="7.4195" F2="7.5544" intensity="252520.25" type="0"/>
    <Peak2D F1="1.7356" F2="2.5485" intensity="-260635.29" type="0"/>
    <Peak2D F1="4.2065" F2="2.5479" intensity="262243.47" type="0"/>
    <Peak2D F1="0.8086" F2="2.5597" intensity="-269492.44" type="0"/>
    <Peak2D F1="6.1442" F2="2.5481" intensity="-269554.48" type="0"/>
    <Peak2D F1="2.8494" F2="2.5492" intensity="270169.63" type="0"/>
    <Peak2D F1="8.8438" F2="2.5483" intensity="-274553.65" type="0"/>
    <Peak2D F1="7.0050" F2="7.1420" intensity="279975.84" type="0"/>
    <Peak2D F1="6.7057" F2="2.5499" intensity="297716.03" type="0"/>
    <Peak2D F1="4.3612" F2="2.5484" intensity="-304315.19" type="0"/>
    <Peak2D F1="7.0762" F2="8.4919" intensity="-307035.56" type="0"/>
    <Peak2D F1="5.0849" F2="2.5614" intensity="322960.06" type="0"/>
    <Peak2D F1="5.5443" F2="2.5495" intensity="334934.13" type="0"/>
    <Peak2D F1="7.5424" F2="7.1476" intensity="343194.33" type="0"/>
    <Peak2D F1="8.3542" F2="8.4904" intensity="355316.94" type="0"/>
    <Peak2D F1="2.7678" F2="2.5504" intensity="361871.93" type="0"/>
    <Peak2D F1="8.6837" F2="2.5509" intensity="-363452.74" type="0"/>
    <Peak2D F1="7.5597" F2="7.0718" intensity="-368135.12" type="0"/>
    <Peak2D F1="7.0420" F2="7.1435" intensity="-371451.01" type="0"/>
    <Peak2D F1="7.1407" F2="2.5494" intensity="-379291.99" type="0"/>
    <Peak2D F1="2.3372" F2="2.5497" intensity="382605.79" type="0"/>
    <Peak2D F1="2.7294" F2="2.5535" intensity="-393912.85" type="0"/>
    <Peak2D F1="7.0758" F2="7.5666" intensity="-402947.60" type="0"/>
    <Peak2D F1="0.6722" F2="2.5497" intensity="-409390.95" type="0"/>
    <Peak2D F1="7.4584" F2="7.5550" intensity="-411960.15" type="0"/>
    <Peak2D F1="7.5571" F2="7.1333" intensity="-423910.23" type="0"/>
    <Peak2D F1="7.1433" F2="7.5564" intensity="-433315.89" type="0"/>
    <Peak2D F1="2.3763" F2="2.5528" intensity="-436639.83" type="0"/>
    <Peak2D F1="3.4478" F2="2.5501" intensity="-455633.62" type="0"/>
    <Peak2D F1="6.6184" F2="2.5495" intensity="-492179.63" type="0"/>
    <Peak2D F1="6.9795" F2="7.0764" intensity="-511445.17" type="0"/>
    <Peak2D F1="-0.4412" F2="2.5502" intensity="583267.39" type="0"/>
    <Peak2D F1="5.6318" F2="2.5501" intensity="-594441.69" type="0"/>
    <Peak2D F1="8.3933" F2="8.4902" intensity="-637080.32" type="0"/>
    <Peak2D F1="3.6490" F2="2.5501" intensity="674490.81" type="0"/>
    <Peak2D F1="7.6528" F2="7.5548" intensity="-692435.25" type="0"/>
    <Peak2D F1="7.1731" F2="7.0761" intensity="-699171.00" type="0"/>
    <Peak2D F1="-0.4920" F2="2.5506" intensity="-764472.31" type="0"/>
    <Peak2D F1="0.4580" F2="2.5507" intensity="903798.53" type="0"/>
    <Peak2D F1="3.5577" F2="2.5508" intensity="-1013589.51" type="0"/>
    <Peak2D F1="4.5528" F2="2.5510" intensity="-1172496.68" type="0"/>
    <Peak2D F1="9.6780" F2="2.5506" intensity="1283953.44" type="0"/>
    <Peak2D F1="2.6886" F2="2.5499" intensity="1413379.51" type="0"/>
    <Peak2D F1="2.4172" F2="2.5503" intensity="1456108.44" type="0"/>
    <Peak2D F1="2.6471" F2="2.5508" intensity="-3767634.05" type="0"/>
    <Peak2D F1="0.5503" F2="2.5507" intensity="-9118142.27" type="0"/>
  </PeakList2D>
</PeakList>
