<?xml version="1.0" encoding="UTF-8"?>
<PeakList modified="2017-01-24T12:58:05">
  <PeakList2D>
    <PeakList2DHeader creator="liermann@OCNMR99" date="2017-01-24T12:58:05" expNo="5" name="2-picolin_109-06-8" owner="liermann" procNo="1" source="//ocnmr1.chemie.uni-mainz.de/admin/JGU-NMR/Lehre/chemikalienlager">
      <PeakPickDetails># F2 peak picking range ( ppm )
# 2 F1P=9.50692844390869, 2 F2P=-0.506927528323009
# F1 peak picking range ( ppm )
# 1 F1P=152.826995849609, 1 F2P=-12.84255109699518
# MI=0.001 (= 139207.3535), MAXI=1.0 (= 1.392073535E8)
# PEAK RESOL.=1, INTERPOL. TYPE=PARABOLIC, DIAG. GAP=-1, MAX. # PEAKS=2147483647
</PeakPickDetails>
    </PeakList2DHeader>
    <Peak2D F1="152.8270" F2="2.5541" intensity="-539313.64" type="0"/>
    <Peak2D F1="152.4438" F2="8.4919" intensity="-575125.70" type="0"/>
    <Peak2D F1="152.3815" F2="2.5421" intensity="316229.20" type="0"/>
    <Peak2D F1="151.1697" F2="8.4913" intensity="-649933.42" type="0"/>
    <Peak2D F1="150.8687" F2="8.4769" intensity="227025.55" type="0"/>
    <Peak2D F1="150.5400" F2="8.4916" intensity="-989629.58" type="0"/>
    <Peak2D F1="150.2680" F2="8.4774" intensity="424280.51" type="0"/>
    <Peak2D F1="149.8997" F2="8.4904" intensity="-3474105.26" type="0"/>
    <Peak2D F1="149.3290" F2="7.0584" intensity="-184219.78" type="0"/>
    <Peak2D F1="149.2331" F2="9.0611" intensity="330205.82" type="0"/>
    <Peak2D F1="149.1644" F2="7.9106" intensity="217861.93" type="0"/>
    <Peak2D F1="149.1365" F2="9.0396" intensity="-1094819.93" type="0"/>
    <Peak2D F1="149.1273" F2="7.9354" intensity="-1013682.15" type="0"/>
    <Peak2D F1="149.1248" F2="6.2619" intensity="152039.85" type="0"/>
    <Peak2D F1="149.1200" F2="8.2664" intensity="185211.66" type="0"/>
    <Peak2D F1="149.1104" F2="8.7084" intensity="156839.34" type="0"/>
    <Peak2D F1="149.1100" F2="8.4886" annotation="G3" intensity="54723253.60" type="0"/>
    <Peak2D F1="149.0847" F2="7.0795" intensity="494548.35" type="0"/>
    <Peak2D F1="148.3477" F2="8.4797" intensity="-871694.10" type="0"/>
    <Peak2D F1="148.0551" F2="2.5532" intensity="178549.90" type="0"/>
    <Peak2D F1="148.0275" F2="8.4910" intensity="1275753.97" type="0"/>
    <Peak2D F1="147.6936" F2="8.4768" intensity="-193810.07" type="0"/>
    <Peak2D F1="147.3794" F2="8.4912" intensity="683401.68" type="0"/>
    <Peak2D F1="146.7780" F2="8.4918" intensity="498008.99" type="0"/>
    <Peak2D F1="146.1314" F2="8.4911" intensity="375286.34" type="0"/>
    <Peak2D F1="145.6968" F2="2.5539" intensity="-259816.24" type="0"/>
    <Peak2D F1="144.8976" F2="2.4976" intensity="-337048.09" type="0"/>
    <Peak2D F1="144.7682" F2="8.4899" intensity="177912.06" type="0"/>
    <Peak2D F1="144.5631" F2="2.4843" intensity="519449.20" type="0"/>
    <Peak2D F1="144.1478" F2="8.4912" intensity="195280.41" type="0"/>
    <Peak2D F1="144.1393" F2="2.3199" intensity="253498.69" type="0"/>
    <Peak2D F1="144.0841" F2="2.2515" intensity="159136.83" type="0"/>
    <Peak2D F1="143.9868" F2="2.2838" intensity="-168985.30" type="0"/>
    <Peak2D F1="143.9180" F2="2.2325" intensity="-149525.02" type="0"/>
    <Peak2D F1="143.7202" F2="2.2590" intensity="147153.41" type="0"/>
    <Peak2D F1="142.9169" F2="8.4905" intensity="160269.33" type="0"/>
    <Peak2D F1="142.2746" F2="7.5585" intensity="-160076.95" type="0"/>
    <Peak2D F1="140.9852" F2="8.4854" intensity="-263908.92" type="0"/>
    <Peak2D F1="137.9515" F2="7.5472" intensity="286197.40" type="0"/>
    <Peak2D F1="137.6585" F2="7.5674" intensity="-202817.69" type="0"/>
    <Peak2D F1="137.3513" F2="7.5484" intensity="682869.19" type="0"/>
    <Peak2D F1="137.2136" F2="2.5538" intensity="371013.46" type="0"/>
    <Peak2D F1="137.0305" F2="7.1340" intensity="-182245.69" type="0"/>
    <Peak2D F1="137.0113" F2="7.5639" intensity="-1155850.55" type="0"/>
    <Peak2D F1="136.9996" F2="7.1522" intensity="198551.83" type="0"/>
    <Peak2D F1="136.4668" F2="7.4727" intensity="157977.85" type="0"/>
    <Peak2D F1="136.4656" F2="7.4436" intensity="144586.78" type="0"/>
    <Peak2D F1="136.2966" F2="7.0491" intensity="-187339.63" type="0"/>
    <Peak2D F1="136.2662" F2="7.1531" intensity="-2201373.07" type="0"/>
    <Peak2D F1="136.2648" F2="7.0102" intensity="-235880.69" type="0"/>
    <Peak2D F1="136.2616" F2="7.0716" intensity="2298368.87" type="0"/>
    <Peak2D F1="136.2449" F2="8.1072" intensity="-566732.91" type="0"/>
    <Peak2D F1="136.2447" F2="7.5516" annotation="G0" intensity="34059063.42" type="0"/>
    <Peak2D F1="136.2421" F2="8.4911" intensity="213401.10" type="0"/>
    <Peak2D F1="136.2391" F2="7.1173" intensity="-608196.76" type="0"/>
    <Peak2D F1="136.2372" F2="7.0924" intensity="-1234790.79" type="0"/>
    <Peak2D F1="135.4812" F2="7.1374" intensity="-178640.02" type="0"/>
    <Peak2D F1="135.4722" F2="7.0709" intensity="-162978.26" type="0"/>
    <Peak2D F1="135.4566" F2="7.5485" intensity="-1506114.31" type="0"/>
    <Peak2D F1="135.1399" F2="7.5673" intensity="403763.64" type="0"/>
    <Peak2D F1="134.8267" F2="7.5487" intensity="-337745.33" type="0"/>
    <Peak2D F1="134.1576" F2="7.5481" intensity="-171442.65" type="0"/>
    <Peak2D F1="133.3914" F2="2.5440" intensity="-149795.18" type="0"/>
    <Peak2D F1="131.9205" F2="2.5434" intensity="-179193.63" type="0"/>
    <Peak2D F1="130.2454" F2="7.5496" intensity="-230339.05" type="0"/>
    <Peak2D F1="128.8212" F2="7.0601" intensity="270318.66" type="0"/>
    <Peak2D F1="128.0965" F2="7.1345" intensity="-317094.44" type="0"/>
    <Peak2D F1="127.6445" F2="2.5542" intensity="144998.35" type="0"/>
    <Peak2D F1="127.3406" F2="7.0618" intensity="149501.38" type="0"/>
    <Peak2D F1="126.3862" F2="7.0623" intensity="170888.55" type="0"/>
    <Peak2D F1="125.3978" F2="7.0757" intensity="-407117.75" type="0"/>
    <Peak2D F1="125.3630" F2="7.1364" intensity="-174784.53" type="0"/>
    <Peak2D F1="124.7613" F2="2.5428" intensity="-157918.68" type="0"/>
    <Peak2D F1="124.6973" F2="7.1470" intensity="-245559.14" type="0"/>
    <Peak2D F1="124.6934" F2="7.1342" intensity="-220679.09" type="0"/>
    <Peak2D F1="124.3831" F2="7.1316" intensity="270256.91" type="0"/>
    <Peak2D F1="124.1761" F2="7.0754" intensity="-321646.25" type="0"/>
    <Peak2D F1="124.0539" F2="7.1351" intensity="-1483307.17" type="0"/>
    <Peak2D F1="124.0405" F2="7.5603" intensity="-160192.39" type="0"/>
    <Peak2D F1="124.0378" F2="2.5541" intensity="-391079.39" type="0"/>
    <Peak2D F1="124.0331" F2="7.1461" intensity="-1508483.10" type="0"/>
    <Peak2D F1="123.5678" F2="7.0608" intensity="290022.71" type="0"/>
    <Peak2D F1="123.3138" F2="7.5337" intensity="-310443.97" type="0"/>
    <Peak2D F1="123.2994" F2="7.6864" intensity="-403594.99" type="0"/>
    <Peak2D F1="123.2478" F2="7.3603" intensity="146744.95" type="0"/>
    <Peak2D F1="123.2473" F2="7.1336" annotation="G2" intensity="45036792.86" type="0"/>
    <Peak2D F1="123.2427" F2="6.9231" intensity="177314.44" type="0"/>
    <Peak2D F1="123.2274" F2="7.5818" intensity="-547972.36" type="0"/>
    <Peak2D F1="123.2234" F2="7.7118" intensity="193183.62" type="0"/>
    <Peak2D F1="123.2200" F2="7.5573" intensity="1499715.51" type="0"/>
    <Peak2D F1="123.2134" F2="6.5923" intensity="-429360.71" type="0"/>
    <Peak2D F1="123.2105" F2="6.5624" intensity="205416.13" type="0"/>
    <Peak2D F1="122.6709" F2="2.5539" intensity="265789.04" type="0"/>
    <Peak2D F1="122.5900" F2="7.0613" intensity="489660.11" type="0"/>
    <Peak2D F1="122.4478" F2="7.1324" intensity="-1018017.85" type="0"/>
    <Peak2D F1="122.1137" F2="7.0808" intensity="-498764.15" type="0"/>
    <Peak2D F1="122.1107" F2="7.1434" intensity="417287.09" type="0"/>
    <Peak2D F1="121.7615" F2="7.0618" intensity="886046.26" type="0"/>
    <Peak2D F1="121.5723" F2="7.1450" intensity="170666.62" type="0"/>
    <Peak2D F1="121.4436" F2="7.0797" intensity="-2199082.71" type="0"/>
    <Peak2D F1="121.1385" F2="2.5416" intensity="164203.14" type="0"/>
    <Peak2D F1="121.1297" F2="7.1242" intensity="-213352.12" type="0"/>
    <Peak2D F1="121.0274" F2="8.4765" intensity="-304329.68" type="0"/>
    <Peak2D F1="120.7339" F2="7.1489" intensity="345234.68" type="0"/>
    <Peak2D F1="120.6853" F2="6.9719" intensity="210223.06" type="0"/>
    <Peak2D F1="120.6825" F2="7.5381" intensity="-545746.78" type="0"/>
    <Peak2D F1="120.6593" F2="7.0745" annotation="G1" intensity="43080082.66" type="0"/>
    <Peak2D F1="120.6545" F2="6.5271" intensity="-520299.22" type="0"/>
    <Peak2D F1="120.6429" F2="8.4895" intensity="1061724.43" type="0"/>
    <Peak2D F1="120.6338" F2="7.5585" intensity="1036641.60" type="0"/>
    <Peak2D F1="120.6337" F2="7.6219" intensity="-574515.26" type="0"/>
    <Peak2D F1="120.5546" F2="7.5828" intensity="-313313.01" type="0"/>
    <Peak2D F1="120.5420" F2="7.1301" intensity="310751.11" type="0"/>
    <Peak2D F1="120.5090" F2="8.5031" intensity="-387549.44" type="0"/>
    <Peak2D F1="120.4450" F2="7.6514" intensity="230328.05" type="0"/>
    <Peak2D F1="120.4411" F2="6.5009" intensity="274675.50" type="0"/>
    <Peak2D F1="120.0922" F2="2.5550" intensity="201512.53" type="0"/>
    <Peak2D F1="119.9248" F2="7.0622" intensity="-1805997.61" type="0"/>
    <Peak2D F1="119.5802" F2="7.0827" intensity="904315.69" type="0"/>
    <Peak2D F1="119.3069" F2="7.0612" intensity="-546984.34" type="0"/>
    <Peak2D F1="119.1805" F2="2.5529" intensity="-142879.17" type="0"/>
    <Peak2D F1="118.9017" F2="7.0830" intensity="418451.66" type="0"/>
    <Peak2D F1="118.6921" F2="7.0609" intensity="-339046.87" type="0"/>
    <Peak2D F1="118.3670" F2="7.0836" intensity="321483.91" type="0"/>
    <Peak2D F1="118.3068" F2="7.1327" intensity="-267628.03" type="0"/>
    <Peak2D F1="118.0114" F2="7.0610" intensity="-238588.48" type="0"/>
    <Peak2D F1="117.3777" F2="7.0610" intensity="-222912.03" type="0"/>
    <Peak2D F1="117.2153" F2="7.1362" intensity="178688.99" type="0"/>
    <Peak2D F1="117.0535" F2="2.5446" intensity="-150351.68" type="0"/>
    <Peak2D F1="117.0426" F2="7.0847" intensity="184703.55" type="0"/>
    <Peak2D F1="116.4224" F2="2.5549" intensity="-236546.02" type="0"/>
    <Peak2D F1="116.0132" F2="2.5426" intensity="222778.15" type="0"/>
    <Peak2D F1="115.9967" F2="7.0646" intensity="-294438.82" type="0"/>
    <Peak2D F1="115.2459" F2="2.5533" intensity="-194442.43" type="0"/>
    <Peak2D F1="114.6862" F2="7.0766" intensity="181638.43" type="0"/>
    <Peak2D F1="112.6037" F2="2.5538" intensity="-152998.47" type="0"/>
    <Peak2D F1="109.5335" F2="2.5543" intensity="146663.46" type="0"/>
    <Peak2D F1="104.6188" F2="2.5537" intensity="-147124.18" type="0"/>
    <Peak2D F1="101.5883" F2="2.5538" intensity="155595.55" type="0"/>
    <Peak2D F1="100.0489" F2="2.5570" intensity="164991.47" type="0"/>
    <Peak2D F1="97.4250" F2="2.5550" intensity="177914.39" type="0"/>
    <Peak2D F1="96.4978" F2="2.5548" intensity="-274834.35" type="0"/>
    <Peak2D F1="95.5047" F2="2.5538" intensity="194462.21" type="0"/>
    <Peak2D F1="93.3919" F2="2.5562" intensity="-195530.06" type="0"/>
    <Peak2D F1="93.1839" F2="2.5433" intensity="229456.24" type="0"/>
    <Peak2D F1="91.8450" F2="2.5541" intensity="-261869.09" type="0"/>
    <Peak2D F1="89.5468" F2="2.5553" intensity="184033.57" type="0"/>
    <Peak2D F1="86.5652" F2="2.5545" intensity="157906.40" type="0"/>
    <Peak2D F1="84.2362" F2="2.5538" intensity="-268562.74" type="0"/>
    <Peak2D F1="83.2126" F2="2.5550" intensity="158765.64" type="0"/>
    <Peak2D F1="81.2907" F2="2.5432" intensity="-157611.48" type="0"/>
    <Peak2D F1="80.5055" F2="2.5536" intensity="245369.40" type="0"/>
    <Peak2D F1="79.5178" F2="2.5533" intensity="-159944.05" type="0"/>
    <Peak2D F1="77.9962" F2="2.5549" intensity="-203271.46" type="0"/>
    <Peak2D F1="77.7743" F2="7.2852" intensity="-322091.97" type="0"/>
    <Peak2D F1="76.9909" F2="7.2845" intensity="470150.99" type="0"/>
    <Peak2D F1="75.2248" F2="2.5545" intensity="-168636.06" type="0"/>
    <Peak2D F1="72.9681" F2="2.5532" intensity="185349.28" type="0"/>
    <Peak2D F1="67.2400" F2="2.5550" intensity="-174138.38" type="0"/>
    <Peak2D F1="62.2108" F2="2.5530" intensity="205435.50" type="0"/>
    <Peak2D F1="51.0602" F2="2.5546" intensity="259369.61" type="0"/>
    <Peak2D F1="48.3178" F2="2.5542" intensity="249233.67" type="0"/>
    <Peak2D F1="42.7577" F2="2.5539" intensity="-151391.04" type="0"/>
    <Peak2D F1="33.5726" F2="2.5550" intensity="-258040.06" type="0"/>
    <Peak2D F1="32.5778" F2="2.5563" intensity="165697.16" type="0"/>
    <Peak2D F1="31.7440" F2="2.5424" intensity="226222.42" type="0"/>
    <Peak2D F1="31.7047" F2="2.5563" intensity="-188705.91" type="0"/>
    <Peak2D F1="30.4049" F2="2.5554" intensity="-199218.03" type="0"/>
    <Peak2D F1="29.6312" F2="1.2475" intensity="-186076.48" type="0"/>
    <Peak2D F1="29.2060" F2="2.5544" intensity="-298759.10" type="0"/>
    <Peak2D F1="28.2195" F2="2.5537" intensity="2248853.68" type="0"/>
    <Peak2D F1="26.8563" F2="2.5543" intensity="777081.72" type="0"/>
    <Peak2D F1="26.2863" F2="2.5531" intensity="582853.93" type="0"/>
    <Peak2D F1="25.5837" F2="2.5534" intensity="1939966.43" type="0"/>
    <Peak2D F1="25.2573" F2="2.5535" intensity="-3587273.59" type="0"/>
    <Peak2D F1="25.2456" F2="3.1112" intensity="179283.88" type="0"/>
    <Peak2D F1="25.0405" F2="1.9970" intensity="252758.43" type="0"/>
    <Peak2D F1="24.5688" F2="2.5783" intensity="579991.90" type="0"/>
    <Peak2D F1="24.5100" F2="3.0991" intensity="712153.44" type="0"/>
    <Peak2D F1="24.4989" F2="0.3230" intensity="186592.55" type="0"/>
    <Peak2D F1="24.4867" F2="2.5532" annotation="G4" intensity="141478632.28" type="0"/>
    <Peak2D F1="24.4648" F2="2.0080" intensity="301843.41" type="0"/>
    <Peak2D F1="24.4427" F2="1.9878" intensity="-405033.64" type="0"/>
    <Peak2D F1="24.4009" F2="2.4981" intensity="-190472.06" type="0"/>
    <Peak2D F1="24.3587" F2="3.1139" intensity="-747602.13" type="0"/>
    <Peak2D F1="24.2284" F2="2.5229" intensity="-145614.92" type="0"/>
    <Peak2D F1="23.6821" F2="2.5534" intensity="-3929596.39" type="0"/>
    <Peak2D F1="23.3762" F2="2.5532" intensity="1025647.26" type="0"/>
    <Peak2D F1="23.0391" F2="2.5537" intensity="-1120545.24" type="0"/>
    <Peak2D F1="22.7121" F2="2.5438" intensity="148222.95" type="0"/>
    <Peak2D F1="22.1120" F2="2.5532" intensity="361837.63" type="0"/>
    <Peak2D F1="22.0190" F2="2.5663" intensity="-172713.45" type="0"/>
    <Peak2D F1="21.0164" F2="2.3393" intensity="240267.26" type="0"/>
    <Peak2D F1="20.9283" F2="2.2996" intensity="248821.89" type="0"/>
    <Peak2D F1="20.7691" F2="2.5536" intensity="2013070.61" type="0"/>
    <Peak2D F1="20.5771" F2="1.3881" intensity="294401.51" type="0"/>
    <Peak2D F1="19.7560" F2="2.2529" intensity="351266.59" type="0"/>
    <Peak2D F1="19.6374" F2="2.5533" intensity="-731992.72" type="0"/>
    <Peak2D F1="18.3602" F2="2.5538" intensity="-274238.14" type="0"/>
    <Peak2D F1="17.6945" F2="1.7015" intensity="147994.86" type="0"/>
    <Peak2D F1="17.0016" F2="2.5543" intensity="-449449.15" type="0"/>
    <Peak2D F1="14.9325" F2="2.5546" intensity="-239178.73" type="0"/>
    <Peak2D F1="9.6819" F2="2.5531" intensity="-156758.93" type="0"/>
    <Peak2D F1="1.0441" F2="0.0707" intensity="339363.74" type="0"/>
    <Peak2D F1="0.7705" F2="2.5544" intensity="180786.18" type="0"/>
    <Peak2D F1="-0.3130" F2="2.5549" intensity="-151804.83" type="0"/>
    <Peak2D F1="-1.2176" F2="2.5541" intensity="191443.16" type="0"/>
    <Peak2D F1="-2.1190" F2="2.5543" intensity="-154131.71" type="0"/>
    <Peak2D F1="-4.1221" F2="2.5557" intensity="195803.46" type="0"/>
    <Peak2D F1="-4.4682" F2="2.4252" intensity="-153887.39" type="0"/>
    <Peak2D F1="-4.7539" F2="2.4185" intensity="-161762.56" type="0"/>
    <Peak2D F1="-4.8543" F2="8.4927" intensity="182667.05" type="0"/>
    <Peak2D F1="-6.4132" F2="2.5513" intensity="157726.65" type="0"/>
    <Peak2D F1="-7.3199" F2="8.4912" intensity="-384242.51" type="0"/>
    <Peak2D F1="-7.3384" F2="2.5542" intensity="-807391.79" type="0"/>
    <Peak2D F1="-8.5727" F2="8.4898" intensity="-281405.28" type="0"/>
    <Peak2D F1="-8.6754" F2="2.5534" intensity="-233860.16" type="0"/>
    <Peak2D F1="-12.6808" F2="8.4916" intensity="-213398.11" type="0"/>
    <Peak2D F1="-12.6808" F2="2.5531" intensity="-506618.95" type="0"/>
  </PeakList2D>
</PeakList>
