<?xml version="1.0" encoding="UTF-8"?>
<PeakList modified="2017-01-24T12:58:08">
  <PeakList2D>
    <PeakList2DHeader creator="liermann@OCNMR99" date="2017-01-24T12:58:08" expNo="4" name="2-picolin_109-06-8" owner="liermann" procNo="1" source="//ocnmr1.chemie.uni-mainz.de/admin/JGU-NMR/Lehre/chemikalienlager">
      <PeakPickDetails># F2 peak picking range ( ppm )
# 2 F1P=12.688099861145, 2 F2P=-0.6637081018305189
# F1 peak picking range ( ppm )
# 1 F1P=12.688099861145, 1 F2P=-0.6637081018305189
# MI=0.001 (= 794593.992), MAXI=1.0 (= 7.94593992E8)
# PEAK RESOL.=1, INTERPOL. TYPE=PARABOLIC, DIAG. GAP=9, MAX. # PEAKS=2147483647
</PeakPickDetails>
    </PeakList2DHeader>
    <Peak2D F1="3.9009" F2="7.5493" intensity="803947.77" type="0"/>
    <Peak2D F1="8.3516" F2="7.1347" intensity="807801.73" type="0"/>
    <Peak2D F1="1.1119" F2="8.4916" intensity="820744.33" type="0"/>
    <Peak2D F1="8.3481" F2="7.0919" intensity="840993.35" type="0"/>
    <Peak2D F1="7.0770" F2="7.6921" intensity="876099.36" type="0"/>
    <Peak2D F1="3.5351" F2="7.1447" intensity="877554.60" type="0"/>
    <Peak2D F1="8.6258" F2="7.0664" intensity="897060.98" type="0"/>
    <Peak2D F1="8.4900" F2="7.2221" intensity="899893.01" type="0"/>
    <Peak2D F1="7.9054" F2="7.1402" intensity="921980.29" type="0"/>
    <Peak2D F1="0.4864" F2="7.1430" intensity="938626.43" type="0"/>
    <Peak2D F1="8.6344" F2="7.1446" intensity="940508.65" type="0"/>
    <Peak2D F1="2.5569" F2="7.5634" intensity="946647.87" type="0"/>
    <Peak2D F1="6.8115" F2="7.1471" intensity="954879.75" type="0"/>
    <Peak2D F1="7.9492" F2="7.1438" intensity="956305.80" type="0"/>
    <Peak2D F1="6.0341" F2="7.1362" intensity="991874.29" type="0"/>
    <Peak2D F1="7.1120" F2="7.7066" intensity="998647.44" type="0"/>
    <Peak2D F1="7.2534" F2="7.0684" intensity="1046548.12" type="0"/>
    <Peak2D F1="8.0140" F2="7.0825" intensity="1064921.70" type="0"/>
    <Peak2D F1="7.1256" F2="7.4629" intensity="1072786.39" type="0"/>
    <Peak2D F1="11.2029" F2="7.5638" intensity="1080139.35" type="0"/>
    <Peak2D F1="7.3657" F2="7.0716" intensity="1093001.83" type="0"/>
    <Peak2D F1="5.6812" F2="1.7001" intensity="1093037.18" type="0"/>
    <Peak2D F1="6.0229" F2="7.5461" intensity="1099828.99" type="0"/>
    <Peak2D F1="5.6238" F2="7.5389" intensity="1101703.45" type="0"/>
    <Peak2D F1="8.3501" F2="8.4908" intensity="1135239.46" type="0"/>
    <Peak2D F1="8.9604" F2="7.0800" intensity="1144467.17" type="0"/>
    <Peak2D F1="8.6176" F2="8.4887" intensity="1160145.84" type="0"/>
    <Peak2D F1="7.3064" F2="7.5499" intensity="1166059.13" type="0"/>
    <Peak2D F1="8.5692" F2="7.5516" intensity="1268719.68" type="0"/>
    <Peak2D F1="7.2219" F2="7.0685" intensity="1303141.99" type="0"/>
    <Peak2D F1="9.0553" F2="7.5484" intensity="1303705.59" type="0"/>
    <Peak2D F1="9.0625" F2="7.1438" intensity="1353211.04" type="0"/>
    <Peak2D F1="7.3443" F2="7.1372" intensity="1399826.74" type="0"/>
    <Peak2D F1="7.1040" F2="7.4055" intensity="1401131.23" type="0"/>
    <Peak2D F1="7.7215" F2="7.5492" intensity="1445340.58" type="0"/>
    <Peak2D F1="8.3984" F2="7.0932" intensity="1486283.94" type="0"/>
    <Peak2D F1="6.9780" F2="7.1418" intensity="1502504.89" type="0"/>
    <Peak2D F1="8.4879" F2="7.1999" intensity="1509411.52" type="0"/>
    <Peak2D F1="6.7019" F2="7.5500" intensity="1520450.65" type="0"/>
    <Peak2D F1="8.5821" F2="7.0921" intensity="1521277.87" type="0"/>
    <Peak2D F1="8.4010" F2="7.0657" intensity="1525747.77" type="0"/>
    <Peak2D F1="8.4811" F2="6.9517" intensity="1612685.63" type="0"/>
    <Peak2D F1="7.6891" F2="7.0732" intensity="1631249.25" type="0"/>
    <Peak2D F1="7.1280" F2="7.6809" intensity="1643793.81" type="0"/>
    <Peak2D F1="7.1045" F2="7.4332" intensity="1651680.20" type="0"/>
    <Peak2D F1="7.3636" F2="7.5497" intensity="1690439.78" type="0"/>
    <Peak2D F1="7.5014" F2="8.4894" intensity="1710124.71" type="0"/>
    <Peak2D F1="2.5681" F2="8.4877" intensity="1793249.08" type="0"/>
    <Peak2D F1="7.7419" F2="7.1376" intensity="1796109.67" type="0"/>
    <Peak2D F1="7.0737" F2="8.3428" intensity="1858464.75" type="0"/>
    <Peak2D F1="7.4110" F2="7.0717" intensity="1867521.92" type="0"/>
    <Peak2D F1="7.5522" F2="7.2233" intensity="1887670.97" type="0"/>
    <Peak2D F1="6.7214" F2="7.1423" intensity="1895934.47" type="0"/>
    <Peak2D F1="1.3895" F2="5.0395" intensity="1924757.68" type="0"/>
    <Peak2D F1="7.2889" F2="7.1382" intensity="1953646.03" type="0"/>
    <Peak2D F1="5.6274" F2="7.1375" intensity="1989936.34" type="0"/>
    <Peak2D F1="7.0781" F2="8.6348" intensity="2047226.00" type="0"/>
    <Peak2D F1="7.1798" F2="8.4954" intensity="2069466.09" type="0"/>
    <Peak2D F1="7.0762" F2="8.4373" intensity="2095175.49" type="0"/>
    <Peak2D F1="5.5236" F2="2.5532" intensity="2099172.98" type="0"/>
    <Peak2D F1="7.5546" F2="6.9385" intensity="2101061.59" type="0"/>
    <Peak2D F1="6.9776" F2="7.5602" intensity="2160431.14" type="0"/>
    <Peak2D F1="7.6518" F2="7.0682" intensity="2163112.07" type="0"/>
    <Peak2D F1="7.3884" F2="7.1378" intensity="2184745.92" type="0"/>
    <Peak2D F1="6.9624" F2="8.4878" intensity="2211290.29" type="0"/>
    <Peak2D F1="7.4134" F2="7.5499" intensity="2296831.40" type="0"/>
    <Peak2D F1="7.1988" F2="7.0689" intensity="2317213.27" type="0"/>
    <Peak2D F1="8.0067" F2="8.4897" intensity="2355923.26" type="0"/>
    <Peak2D F1="7.5600" F2="7.2733" intensity="3461970.94" type="0"/>
    <Peak2D F1="7.6996" F2="7.1374" intensity="3462248.54" type="0"/>
    <Peak2D F1="7.4465" F2="7.0734" intensity="3483576.87" type="0"/>
    <Peak2D F1="7.5539" F2="7.0046" intensity="3700368.65" type="0"/>
    <Peak2D F1="5.0391" F2="1.3879" intensity="3985612.35" type="0"/>
    <Peak2D F1="2.5571" F2="7.0604" intensity="4049191.13" type="0"/>
    <Peak2D F1="2.5461" F2="7.0918" intensity="4088286.53" type="0"/>
    <Peak2D F1="6.9924" F2="8.4898" intensity="4284579.39" type="0"/>
    <Peak2D F1="7.5496" F2="2.5532" intensity="4289732.74" type="0"/>
    <Peak2D F1="7.4289" F2="7.1380" intensity="4904688.88" type="0"/>
    <Peak2D F1="8.4909" F2="2.5528" intensity="5024777.46" type="0"/>
    <Peak2D F1="7.6649" F2="7.1382" intensity="5487902.65" type="0"/>
    <Peak2D F1="2.5520" F2="7.1546" intensity="6950235.05" type="0"/>
    <Peak2D F1="2.5571" F2="7.1236" intensity="7151732.85" type="0"/>
    <Peak2D F1="8.4733" F2="7.1320" intensity="7529655.37" type="0"/>
    <Peak2D F1="8.4901" F2="7.5725" intensity="15095694.57" type="0"/>
    <Peak2D F1="7.1338" F2="2.5528" intensity="16023571.35" type="0"/>
    <Peak2D F1="7.4894" F2="7.1376" intensity="17369556.07" type="0"/>
    <Peak2D F1="7.0781" F2="2.5538" intensity="18778408.92" type="0"/>
    <Peak2D F1="8.4963" F2="7.5523" intensity="19593895.28" type="0"/>
    <Peak2D F1="7.5586" F2="8.4894" intensity="35058898.00" type="0"/>
    <Peak2D F1="8.4872" F2="7.0689" intensity="136355614.77" type="0"/>
    <Peak2D F1="8.4890" F2="7.0906" intensity="153869170.68" type="0"/>
    <Peak2D F1="7.0847" F2="7.5635" intensity="188155850.80" type="0"/>
    <Peak2D F1="7.0787" F2="7.5420" intensity="200742160.06" type="0"/>
    <Peak2D F1="7.1369" F2="7.5415" intensity="236843908.81" type="0"/>
    <Peak2D F1="7.0758" F2="8.4896" intensity="325165898.95" type="0"/>
    <Peak2D F1="7.5551" F2="7.0762" intensity="364185775.14" type="0"/>
    <Peak2D F1="7.5568" F2="7.1403" intensity="573562361.15" type="0"/>
  </PeakList2D>
</PeakList>
