{
    "spectra": [
        {
            "data": {},
            "source": {
                "original": [],
                "jcamp": null,
                "jcampURL": "./106-48-9/1h.dx"
            },
            "display": {
                "name": "1h",
                "color": "#C10020",
                "isVisible": true,
                "isPeaksMarkersVisible": true,
                "isRealSpectrumVisible": true
            }
        }
    ],
    "molecules": [
        {
            "molfile": "\nActelion Java MolfileCreator 2.0\n\n  0  0  0  0  0  0              0 V3000\nM  V30 BEGIN CTAB\nM  V30 COUNTS 8 8 0 0 0\nM  V30 BEGIN ATOM\nM  V30 1 C -12.9903 1.4999 0 0\nM  V30 2 C -11.6913 0.75 0 0\nM  V30 3 C -11.6913 -0.75 0 0\nM  V30 4 C -12.9903 -1.4999 0 0\nM  V30 5 C -14.2894 -0.75 0 0\nM  V30 6 C -14.2894 0.75 0 0\nM  V30 7 O -10.3923 1.4999 0 0\nM  V30 8 Cl -15.5884 -1.4999 0 0\nM  V30 END ATOM\nM  V30 BEGIN BOND\nM  V30 1 1 2 3\nM  V30 2 1 2 7\nM  V30 3 2 1 2\nM  V30 4 1 1 6\nM  V30 5 2 5 6\nM  V30 6 1 5 8\nM  V30 7 1 4 5\nM  V30 8 2 3 4\nM  V30 END BOND\nM  V30 END CTAB\nM  END\n"
        }
    ]
}