<?xml version="1.0" encoding="UTF-8"?>
<PeakList modified="2017-01-24T12:58:02">
  <PeakList1D>
    <PeakList1DHeader creator="liermann" date="2017-01-24T12:58:02" expNo="2" name="2-picolin_109-06-8" owner="" procNo="1" source="//ocnmr1.chemie.uni-mainz.de/admin/JGU-NMR/Lehre/chemikalienlager">
      <PeakPickDetails>F1=237.429306ppm, F2=-12.957894ppm, MI=1.27cm, MAXI=1000.00cm, PC=0.000
      </PeakPickDetails>
    </PeakList1DHeader>
    <Peak1D F1="158.3664" intensity="52.74" type="0"/>
    <Peak1D F1="149.1288" intensity="113.04" type="0"/>
    <Peak1D F1="136.2311" intensity="171.50" type="0"/>
    <Peak1D F1="123.2446" intensity="148.47" type="0"/>
    <Peak1D F1="120.6686" intensity="200.00" type="0"/>
    <Peak1D F1="77.2882" annotation="CDCl3" intensity="153.15" type="5"/>
    <Peak1D F1="77.0764" annotation="CDCl3" intensity="160.02" type="5"/>
    <Peak1D F1="76.8641" annotation="CDCl3" intensity="160.34" type="5"/>
    <Peak1D F1="24.4734" intensity="99.30" type="0"/>
  </PeakList1D>
</PeakList>
