<?xml version="1.0" encoding="UTF-8"?>
<PeakList modified="2017-01-24T12:58:01">
  <PeakList1D>
    <PeakList1DHeader creator="liermann" date="2017-01-24T12:58:01" expNo="1" name="2-picolin_109-06-8" owner="" procNo="1" source="//ocnmr1.chemie.uni-mainz.de/admin/JGU-NMR/Lehre/chemikalienlager">
      <PeakPickDetails>F1=15.938920ppm, F2=-3.588099ppm, MI=0.00cm, MAXI=1000.00cm, PC=0.000
      </PeakPickDetails>
    </PeakList1DHeader>
    <Peak1D F1="8.6384" intensity="0.12" type="0"/>
    <Peak1D F1="8.6304" intensity="0.13" type="0"/>
    <Peak1D F1="8.5498" intensity="0.02" type="0"/>
    <Peak1D F1="8.5487" intensity="0.02" type="0"/>
    <Peak1D F1="8.5479" intensity="0.02" type="0"/>
    <Peak1D F1="8.5379" intensity="0.03" type="0"/>
    <Peak1D F1="8.4930" intensity="21.25" type="0"/>
    <Peak1D F1="8.4850" intensity="22.31" type="0"/>
    <Peak1D F1="8.4591" intensity="0.22" type="0"/>
    <Peak1D F1="8.4494" intensity="0.17" type="0"/>
    <Peak1D F1="8.4362" intensity="0.04" type="0"/>
    <Peak1D F1="8.4342" intensity="0.03" type="0"/>
    <Peak1D F1="8.4310" intensity="0.03" type="0"/>
    <Peak1D F1="8.4295" intensity="0.03" type="0"/>
    <Peak1D F1="8.4285" intensity="0.03" type="0"/>
    <Peak1D F1="8.4271" intensity="0.03" type="0"/>
    <Peak1D F1="8.4254" intensity="0.02" type="0"/>
    <Peak1D F1="8.4225" intensity="0.02" type="0"/>
    <Peak1D F1="8.4218" intensity="0.02" type="0"/>
    <Peak1D F1="8.4200" intensity="0.02" type="0"/>
    <Peak1D F1="8.4185" intensity="0.02" type="0"/>
    <Peak1D F1="8.4177" intensity="0.02" type="0"/>
    <Peak1D F1="8.4166" intensity="0.02" type="0"/>
    <Peak1D F1="8.4157" intensity="0.02" type="0"/>
    <Peak1D F1="8.4136" intensity="0.02" type="0"/>
    <Peak1D F1="8.4124" intensity="0.02" type="0"/>
    <Peak1D F1="8.4111" intensity="0.02" type="0"/>
    <Peak1D F1="8.3435" intensity="0.13" type="0"/>
    <Peak1D F1="8.3352" intensity="0.14" type="0"/>
    <Peak1D F1="7.7020" intensity="0.07" type="0"/>
    <Peak1D F1="7.6991" intensity="0.08" type="0"/>
    <Peak1D F1="7.6893" intensity="0.15" type="0"/>
    <Peak1D F1="7.6863" intensity="0.15" type="0"/>
    <Peak1D F1="7.6766" intensity="0.09" type="0"/>
    <Peak1D F1="7.6736" intensity="0.08" type="0"/>
    <Peak1D F1="7.6173" intensity="0.02" type="0"/>
    <Peak1D F1="7.6166" intensity="0.02" type="0"/>
    <Peak1D F1="7.6150" intensity="0.02" type="0"/>
    <Peak1D F1="7.6122" intensity="0.02" type="0"/>
    <Peak1D F1="7.6094" intensity="0.03" type="0"/>
    <Peak1D F1="7.6086" intensity="0.03" type="0"/>
    <Peak1D F1="7.6077" intensity="0.03" type="0"/>
    <Peak1D F1="7.5997" intensity="0.04" type="0"/>
    <Peak1D F1="7.5987" intensity="0.04" type="0"/>
    <Peak1D F1="7.5963" intensity="0.05" type="0"/>
    <Peak1D F1="7.5701" intensity="12.51" type="0"/>
    <Peak1D F1="7.5671" intensity="12.97" type="0"/>
    <Peak1D F1="7.5573" intensity="25.20" type="0"/>
    <Peak1D F1="7.5543" intensity="26.69" type="0"/>
    <Peak1D F1="7.5446" intensity="14.41" type="0"/>
    <Peak1D F1="7.5416" intensity="14.85" type="0"/>
    <Peak1D F1="7.5208" intensity="0.06" type="0"/>
    <Peak1D F1="7.5128" intensity="0.03" type="0"/>
    <Peak1D F1="7.5108" intensity="0.03" type="0"/>
    <Peak1D F1="7.5090" intensity="0.03" type="0"/>
    <Peak1D F1="7.5076" intensity="0.03" type="0"/>
    <Peak1D F1="7.5070" intensity="0.03" type="0"/>
    <Peak1D F1="7.5065" intensity="0.03" type="0"/>
    <Peak1D F1="7.5050" intensity="0.02" type="0"/>
    <Peak1D F1="7.5009" intensity="0.02" type="0"/>
    <Peak1D F1="7.4567" intensity="0.07" type="0"/>
    <Peak1D F1="7.4454" intensity="0.03" type="0"/>
    <Peak1D F1="7.4335" intensity="0.08" type="0"/>
    <Peak1D F1="7.4308" intensity="0.08" type="0"/>
    <Peak1D F1="7.4209" intensity="0.15" type="0"/>
    <Peak1D F1="7.4180" intensity="0.15" type="0"/>
    <Peak1D F1="7.4082" intensity="0.09" type="0"/>
    <Peak1D F1="7.4053" intensity="0.09" type="0"/>
    <Peak1D F1="7.3013" intensity="0.02" type="0"/>
    <Peak1D F1="7.2942" annotation="CDCl3" intensity="0.03" type="5"/>
    <Peak1D F1="7.2849" annotation="CDCl3" intensity="10.96" type="5"/>
    <Peak1D F1="7.2796" intensity="0.27" type="0"/>
    <Peak1D F1="7.2708" intensity="0.03" type="0"/>
    <Peak1D F1="7.2653" intensity="0.19" type="0"/>
    <Peak1D F1="7.2584" intensity="0.02" type="0"/>
    <Peak1D F1="7.2578" intensity="0.02" type="0"/>
    <Peak1D F1="7.2569" intensity="0.02" type="0"/>
    <Peak1D F1="7.2558" intensity="0.02" type="0"/>
    <Peak1D F1="7.2551" intensity="0.02" type="0"/>
    <Peak1D F1="7.2546" intensity="0.02" type="0"/>
    <Peak1D F1="7.2202" intensity="0.11" type="0"/>
    <Peak1D F1="7.2113" intensity="0.12" type="0"/>
    <Peak1D F1="7.2080" intensity="0.12" type="0"/>
    <Peak1D F1="7.1998" intensity="0.12" type="0"/>
    <Peak1D F1="7.1938" intensity="0.04" type="0"/>
    <Peak1D F1="7.1887" intensity="0.05" type="0"/>
    <Peak1D F1="7.1881" intensity="0.05" type="0"/>
    <Peak1D F1="7.1856" intensity="0.04" type="0"/>
    <Peak1D F1="7.1461" intensity="30.25" type="0"/>
    <Peak1D F1="7.1331" intensity="29.15" type="0"/>
    <Peak1D F1="7.1111" intensity="0.12" type="0"/>
    <Peak1D F1="7.1078" intensity="0.16" type="0"/>
    <Peak1D F1="7.0971" intensity="0.37" type="0"/>
    <Peak1D F1="7.0861" intensity="16.62" type="0"/>
    <Peak1D F1="7.0774" intensity="17.60" type="0"/>
    <Peak1D F1="7.0739" intensity="17.92" type="0"/>
    <Peak1D F1="7.0654" intensity="16.25" type="0"/>
    <Peak1D F1="7.0585" intensity="0.85" type="0"/>
    <Peak1D F1="7.0297" intensity="0.03" type="0"/>
    <Peak1D F1="7.0259" intensity="0.03" type="0"/>
    <Peak1D F1="7.0238" intensity="0.03" type="0"/>
    <Peak1D F1="7.0211" intensity="0.02" type="0"/>
    <Peak1D F1="7.0185" intensity="0.02" type="0"/>
    <Peak1D F1="7.0173" intensity="0.02" type="0"/>
    <Peak1D F1="7.0100" intensity="0.19" type="0"/>
    <Peak1D F1="6.9970" intensity="0.18" type="0"/>
    <Peak1D F1="6.9474" intensity="0.14" type="0"/>
    <Peak1D F1="6.9385" intensity="0.11" type="0"/>
    <Peak1D F1="6.9350" intensity="0.14" type="0"/>
    <Peak1D F1="6.9270" intensity="0.09" type="0"/>
    <Peak1D F1="5.6950" intensity="0.04" type="0"/>
    <Peak1D F1="5.6859" intensity="0.08" type="0"/>
    <Peak1D F1="5.6825" intensity="0.02" type="0"/>
    <Peak1D F1="5.6779" intensity="0.08" type="0"/>
    <Peak1D F1="5.6699" intensity="0.02" type="0"/>
    <Peak1D F1="5.6523" intensity="0.02" type="0"/>
    <Peak1D F1="5.3443" intensity="0.02" type="0"/>
    <Peak1D F1="5.3428" intensity="0.02" type="0"/>
    <Peak1D F1="5.3374" intensity="0.02" type="0"/>
    <Peak1D F1="5.0524" intensity="0.03" type="0"/>
    <Peak1D F1="5.0438" intensity="0.08" type="0"/>
    <Peak1D F1="5.0352" intensity="0.08" type="0"/>
    <Peak1D F1="5.0266" intensity="0.03" type="0"/>
    <Peak1D F1="4.2357" intensity="0.03" type="0"/>
    <Peak1D F1="4.2254" intensity="0.02" type="0"/>
    <Peak1D F1="4.2245" intensity="0.02" type="0"/>
    <Peak1D F1="4.0922" intensity="0.07" type="0"/>
    <Peak1D F1="4.0916" intensity="0.07" type="0"/>
    <Peak1D F1="4.0840" intensity="0.09" type="0"/>
    <Peak1D F1="3.3894" intensity="0.02" type="0"/>
    <Peak1D F1="3.2363" intensity="0.02" type="0"/>
    <Peak1D F1="3.2359" intensity="0.02" type="0"/>
    <Peak1D F1="3.2262" intensity="0.02" type="0"/>
    <Peak1D F1="3.2252" intensity="0.02" type="0"/>
    <Peak1D F1="3.2246" intensity="0.02" type="0"/>
    <Peak1D F1="3.1786" intensity="0.02" type="0"/>
    <Peak1D F1="3.1765" intensity="0.02" type="0"/>
    <Peak1D F1="3.1756" intensity="0.02" type="0"/>
    <Peak1D F1="3.1749" intensity="0.02" type="0"/>
    <Peak1D F1="3.1740" intensity="0.02" type="0"/>
    <Peak1D F1="3.1730" intensity="0.02" type="0"/>
    <Peak1D F1="3.1718" intensity="0.02" type="0"/>
    <Peak1D F1="3.1710" intensity="0.02" type="0"/>
    <Peak1D F1="3.1690" intensity="0.02" type="0"/>
    <Peak1D F1="3.1673" intensity="0.02" type="0"/>
    <Peak1D F1="3.1658" intensity="0.02" type="0"/>
    <Peak1D F1="3.1653" intensity="0.02" type="0"/>
    <Peak1D F1="3.1639" intensity="0.02" type="0"/>
    <Peak1D F1="3.1628" intensity="0.02" type="0"/>
    <Peak1D F1="3.1599" intensity="0.02" type="0"/>
    <Peak1D F1="3.1584" intensity="0.02" type="0"/>
    <Peak1D F1="3.1575" intensity="0.02" type="0"/>
    <Peak1D F1="3.1560" intensity="0.02" type="0"/>
    <Peak1D F1="3.1536" intensity="0.02" type="0"/>
    <Peak1D F1="3.1523" intensity="0.02" type="0"/>
    <Peak1D F1="3.1512" intensity="0.02" type="0"/>
    <Peak1D F1="3.1498" intensity="0.02" type="0"/>
    <Peak1D F1="3.1489" intensity="0.02" type="0"/>
    <Peak1D F1="3.1479" intensity="0.02" type="0"/>
    <Peak1D F1="3.1461" intensity="0.02" type="0"/>
    <Peak1D F1="3.1439" intensity="0.02" type="0"/>
    <Peak1D F1="3.1428" intensity="0.02" type="0"/>
    <Peak1D F1="3.1024" intensity="0.02" type="0"/>
    <Peak1D F1="3.1020" intensity="0.02" type="0"/>
    <Peak1D F1="3.0968" intensity="0.02" type="0"/>
    <Peak1D F1="3.0952" intensity="0.02" type="0"/>
    <Peak1D F1="3.0937" intensity="0.02" type="0"/>
    <Peak1D F1="3.0922" intensity="0.02" type="0"/>
    <Peak1D F1="3.0909" intensity="0.02" type="0"/>
    <Peak1D F1="3.0885" intensity="0.02" type="0"/>
    <Peak1D F1="3.0858" intensity="0.02" type="0"/>
    <Peak1D F1="3.0844" intensity="0.02" type="0"/>
    <Peak1D F1="3.0826" intensity="0.02" type="0"/>
    <Peak1D F1="3.0791" intensity="0.02" type="0"/>
    <Peak1D F1="3.0776" intensity="0.02" type="0"/>
    <Peak1D F1="3.0761" intensity="0.02" type="0"/>
    <Peak1D F1="3.0753" intensity="0.02" type="0"/>
    <Peak1D F1="3.0727" intensity="0.02" type="0"/>
    <Peak1D F1="3.0703" intensity="0.02" type="0"/>
    <Peak1D F1="3.0688" intensity="0.02" type="0"/>
    <Peak1D F1="3.0676" intensity="0.02" type="0"/>
    <Peak1D F1="3.0660" intensity="0.02" type="0"/>
    <Peak1D F1="3.0633" intensity="0.02" type="0"/>
    <Peak1D F1="3.0628" intensity="0.02" type="0"/>
    <Peak1D F1="3.0615" intensity="0.02" type="0"/>
    <Peak1D F1="3.0596" intensity="0.02" type="0"/>
    <Peak1D F1="3.0578" intensity="0.02" type="0"/>
    <Peak1D F1="3.0572" intensity="0.02" type="0"/>
    <Peak1D F1="3.0533" intensity="0.02" type="0"/>
    <Peak1D F1="3.0385" intensity="0.02" type="0"/>
    <Peak1D F1="3.0371" intensity="0.02" type="0"/>
    <Peak1D F1="3.0363" intensity="0.02" type="0"/>
    <Peak1D F1="3.0354" intensity="0.02" type="0"/>
    <Peak1D F1="3.0334" intensity="0.02" type="0"/>
    <Peak1D F1="3.0320" intensity="0.02" type="0"/>
    <Peak1D F1="3.0307" intensity="0.02" type="0"/>
    <Peak1D F1="3.0291" intensity="0.02" type="0"/>
    <Peak1D F1="3.0285" intensity="0.02" type="0"/>
    <Peak1D F1="3.0271" intensity="0.02" type="0"/>
    <Peak1D F1="3.0262" intensity="0.02" type="0"/>
    <Peak1D F1="3.0237" intensity="0.02" type="0"/>
    <Peak1D F1="3.0221" intensity="0.02" type="0"/>
    <Peak1D F1="3.0199" intensity="0.02" type="0"/>
    <Peak1D F1="3.0177" intensity="0.02" type="0"/>
    <Peak1D F1="3.0168" intensity="0.02" type="0"/>
    <Peak1D F1="3.0159" intensity="0.02" type="0"/>
    <Peak1D F1="3.0146" intensity="0.02" type="0"/>
    <Peak1D F1="3.0125" intensity="0.02" type="0"/>
    <Peak1D F1="3.0119" intensity="0.02" type="0"/>
    <Peak1D F1="3.0111" intensity="0.02" type="0"/>
    <Peak1D F1="3.0087" intensity="0.02" type="0"/>
    <Peak1D F1="3.0069" intensity="0.02" type="0"/>
    <Peak1D F1="3.0052" intensity="0.02" type="0"/>
    <Peak1D F1="3.0039" intensity="0.02" type="0"/>
    <Peak1D F1="3.0036" intensity="0.02" type="0"/>
    <Peak1D F1="3.0014" intensity="0.02" type="0"/>
    <Peak1D F1="2.9987" intensity="0.02" type="0"/>
    <Peak1D F1="2.9976" intensity="0.02" type="0"/>
    <Peak1D F1="2.9969" intensity="0.02" type="0"/>
    <Peak1D F1="2.9952" intensity="0.02" type="0"/>
    <Peak1D F1="2.9929" intensity="0.02" type="0"/>
    <Peak1D F1="2.9917" intensity="0.02" type="0"/>
    <Peak1D F1="2.9901" intensity="0.02" type="0"/>
    <Peak1D F1="2.9889" intensity="0.02" type="0"/>
    <Peak1D F1="2.9868" intensity="0.02" type="0"/>
    <Peak1D F1="2.9852" intensity="0.02" type="0"/>
    <Peak1D F1="2.9843" intensity="0.02" type="0"/>
    <Peak1D F1="2.9830" intensity="0.02" type="0"/>
    <Peak1D F1="2.9805" intensity="0.03" type="0"/>
    <Peak1D F1="2.9796" intensity="0.03" type="0"/>
    <Peak1D F1="2.9781" intensity="0.03" type="0"/>
    <Peak1D F1="2.9760" intensity="0.03" type="0"/>
    <Peak1D F1="2.9752" intensity="0.03" type="0"/>
    <Peak1D F1="2.9742" intensity="0.03" type="0"/>
    <Peak1D F1="2.9723" intensity="0.03" type="0"/>
    <Peak1D F1="2.9703" intensity="0.03" type="0"/>
    <Peak1D F1="2.9680" intensity="0.02" type="0"/>
    <Peak1D F1="2.9661" intensity="0.02" type="0"/>
    <Peak1D F1="2.9642" intensity="0.02" type="0"/>
    <Peak1D F1="2.9630" intensity="0.02" type="0"/>
    <Peak1D F1="2.9597" intensity="0.03" type="0"/>
    <Peak1D F1="2.9580" intensity="0.03" type="0"/>
    <Peak1D F1="2.9557" intensity="0.03" type="0"/>
    <Peak1D F1="2.9544" intensity="0.03" type="0"/>
    <Peak1D F1="2.9534" intensity="0.03" type="0"/>
    <Peak1D F1="2.9515" intensity="0.03" type="0"/>
    <Peak1D F1="2.9505" intensity="0.03" type="0"/>
    <Peak1D F1="2.9496" intensity="0.03" type="0"/>
    <Peak1D F1="2.9486" intensity="0.03" type="0"/>
    <Peak1D F1="2.9454" intensity="0.03" type="0"/>
    <Peak1D F1="2.9434" intensity="0.03" type="0"/>
    <Peak1D F1="2.9427" intensity="0.03" type="0"/>
    <Peak1D F1="2.9416" intensity="0.03" type="0"/>
    <Peak1D F1="2.9407" intensity="0.03" type="0"/>
    <Peak1D F1="2.9392" intensity="0.03" type="0"/>
    <Peak1D F1="2.9378" intensity="0.03" type="0"/>
    <Peak1D F1="2.9367" intensity="0.03" type="0"/>
    <Peak1D F1="2.9359" intensity="0.03" type="0"/>
    <Peak1D F1="2.9336" intensity="0.03" type="0"/>
    <Peak1D F1="2.9323" intensity="0.03" type="0"/>
    <Peak1D F1="2.9308" intensity="0.03" type="0"/>
    <Peak1D F1="2.9299" intensity="0.03" type="0"/>
    <Peak1D F1="2.9272" intensity="0.03" type="0"/>
    <Peak1D F1="2.9253" intensity="0.03" type="0"/>
    <Peak1D F1="2.9236" intensity="0.03" type="0"/>
    <Peak1D F1="2.9225" intensity="0.03" type="0"/>
    <Peak1D F1="2.9211" intensity="0.03" type="0"/>
    <Peak1D F1="2.9192" intensity="0.03" type="0"/>
    <Peak1D F1="2.9181" intensity="0.03" type="0"/>
    <Peak1D F1="2.9174" intensity="0.03" type="0"/>
    <Peak1D F1="2.9155" intensity="0.03" type="0"/>
    <Peak1D F1="2.9132" intensity="0.03" type="0"/>
    <Peak1D F1="2.9128" intensity="0.03" type="0"/>
    <Peak1D F1="2.9116" intensity="0.03" type="0"/>
    <Peak1D F1="2.9095" intensity="0.03" type="0"/>
    <Peak1D F1="2.9072" intensity="0.03" type="0"/>
    <Peak1D F1="2.9049" intensity="0.03" type="0"/>
    <Peak1D F1="2.9040" intensity="0.03" type="0"/>
    <Peak1D F1="2.9011" intensity="0.03" type="0"/>
    <Peak1D F1="2.9000" intensity="0.03" type="0"/>
    <Peak1D F1="2.8977" intensity="0.03" type="0"/>
    <Peak1D F1="2.8956" intensity="0.03" type="0"/>
    <Peak1D F1="2.8939" intensity="0.03" type="0"/>
    <Peak1D F1="2.8921" intensity="0.03" type="0"/>
    <Peak1D F1="2.8910" intensity="0.03" type="0"/>
    <Peak1D F1="2.8894" intensity="0.03" type="0"/>
    <Peak1D F1="2.8883" intensity="0.03" type="0"/>
    <Peak1D F1="2.8834" intensity="0.06" type="0"/>
    <Peak1D F1="2.8801" intensity="0.05" type="0"/>
    <Peak1D F1="2.8767" intensity="0.04" type="0"/>
    <Peak1D F1="2.8762" intensity="0.04" type="0"/>
    <Peak1D F1="2.8745" intensity="0.04" type="0"/>
    <Peak1D F1="2.8740" intensity="0.04" type="0"/>
    <Peak1D F1="2.8724" intensity="0.04" type="0"/>
    <Peak1D F1="2.8699" intensity="0.04" type="0"/>
    <Peak1D F1="2.8682" intensity="0.04" type="0"/>
    <Peak1D F1="2.8660" intensity="0.04" type="0"/>
    <Peak1D F1="2.8645" intensity="0.04" type="0"/>
    <Peak1D F1="2.8636" intensity="0.04" type="0"/>
    <Peak1D F1="2.8618" intensity="0.04" type="0"/>
    <Peak1D F1="2.8584" intensity="0.04" type="0"/>
    <Peak1D F1="2.8576" intensity="0.04" type="0"/>
    <Peak1D F1="2.8563" intensity="0.04" type="0"/>
    <Peak1D F1="2.8545" intensity="0.04" type="0"/>
    <Peak1D F1="2.8533" intensity="0.04" type="0"/>
    <Peak1D F1="2.8515" intensity="0.04" type="0"/>
    <Peak1D F1="2.8504" intensity="0.04" type="0"/>
    <Peak1D F1="2.8490" intensity="0.04" type="0"/>
    <Peak1D F1="2.8478" intensity="0.04" type="0"/>
    <Peak1D F1="2.8453" intensity="0.04" type="0"/>
    <Peak1D F1="2.8441" intensity="0.04" type="0"/>
    <Peak1D F1="2.8421" intensity="0.04" type="0"/>
    <Peak1D F1="2.8405" intensity="0.04" type="0"/>
    <Peak1D F1="2.8383" intensity="0.04" type="0"/>
    <Peak1D F1="2.8371" intensity="0.04" type="0"/>
    <Peak1D F1="2.8359" intensity="0.04" type="0"/>
    <Peak1D F1="2.8343" intensity="0.04" type="0"/>
    <Peak1D F1="2.8333" intensity="0.04" type="0"/>
    <Peak1D F1="2.8323" intensity="0.04" type="0"/>
    <Peak1D F1="2.8299" intensity="0.04" type="0"/>
    <Peak1D F1="2.8284" intensity="0.04" type="0"/>
    <Peak1D F1="2.8273" intensity="0.04" type="0"/>
    <Peak1D F1="2.8260" intensity="0.04" type="0"/>
    <Peak1D F1="2.8249" intensity="0.04" type="0"/>
    <Peak1D F1="2.8236" intensity="0.04" type="0"/>
    <Peak1D F1="2.8210" intensity="0.04" type="0"/>
    <Peak1D F1="2.8194" intensity="0.04" type="0"/>
    <Peak1D F1="2.8174" intensity="0.04" type="0"/>
    <Peak1D F1="2.8145" intensity="0.04" type="0"/>
    <Peak1D F1="2.8126" intensity="0.04" type="0"/>
    <Peak1D F1="2.8122" intensity="0.04" type="0"/>
    <Peak1D F1="2.8108" intensity="0.04" type="0"/>
    <Peak1D F1="2.8088" intensity="0.04" type="0"/>
    <Peak1D F1="2.8084" intensity="0.04" type="0"/>
    <Peak1D F1="2.8063" intensity="0.04" type="0"/>
    <Peak1D F1="2.8053" intensity="0.04" type="0"/>
    <Peak1D F1="2.8036" intensity="0.04" type="0"/>
    <Peak1D F1="2.8015" intensity="0.04" type="0"/>
    <Peak1D F1="2.7998" intensity="0.04" type="0"/>
    <Peak1D F1="2.7986" intensity="0.04" type="0"/>
    <Peak1D F1="2.7965" intensity="0.04" type="0"/>
    <Peak1D F1="2.7944" intensity="0.05" type="0"/>
    <Peak1D F1="2.7934" intensity="0.04" type="0"/>
    <Peak1D F1="2.7927" intensity="0.04" type="0"/>
    <Peak1D F1="2.7912" intensity="0.04" type="0"/>
    <Peak1D F1="2.7899" intensity="0.04" type="0"/>
    <Peak1D F1="2.7889" intensity="0.04" type="0"/>
    <Peak1D F1="2.7883" intensity="0.04" type="0"/>
    <Peak1D F1="2.7875" intensity="0.04" type="0"/>
    <Peak1D F1="2.7856" intensity="0.04" type="0"/>
    <Peak1D F1="2.7834" intensity="0.05" type="0"/>
    <Peak1D F1="2.7827" intensity="0.05" type="0"/>
    <Peak1D F1="2.7804" intensity="0.05" type="0"/>
    <Peak1D F1="2.7791" intensity="0.05" type="0"/>
    <Peak1D F1="2.7783" intensity="0.05" type="0"/>
    <Peak1D F1="2.7776" intensity="0.05" type="0"/>
    <Peak1D F1="2.7760" intensity="0.05" type="0"/>
    <Peak1D F1="2.7751" intensity="0.05" type="0"/>
    <Peak1D F1="2.7737" intensity="0.05" type="0"/>
    <Peak1D F1="2.7732" intensity="0.05" type="0"/>
    <Peak1D F1="2.7723" intensity="0.05" type="0"/>
    <Peak1D F1="2.7715" intensity="0.05" type="0"/>
    <Peak1D F1="2.7707" intensity="0.05" type="0"/>
    <Peak1D F1="2.7691" intensity="0.05" type="0"/>
    <Peak1D F1="2.7676" intensity="0.05" type="0"/>
    <Peak1D F1="2.7668" intensity="0.05" type="0"/>
    <Peak1D F1="2.7659" intensity="0.05" type="0"/>
    <Peak1D F1="2.7650" intensity="0.05" type="0"/>
    <Peak1D F1="2.7639" intensity="0.05" type="0"/>
    <Peak1D F1="2.7624" intensity="0.05" type="0"/>
    <Peak1D F1="2.7606" intensity="0.05" type="0"/>
    <Peak1D F1="2.7599" intensity="0.05" type="0"/>
    <Peak1D F1="2.7593" intensity="0.05" type="0"/>
    <Peak1D F1="2.7585" intensity="0.05" type="0"/>
    <Peak1D F1="2.7578" intensity="0.05" type="0"/>
    <Peak1D F1="2.7568" intensity="0.05" type="0"/>
    <Peak1D F1="2.7556" intensity="0.06" type="0"/>
    <Peak1D F1="2.7541" intensity="0.06" type="0"/>
    <Peak1D F1="2.7521" intensity="0.06" type="0"/>
    <Peak1D F1="2.7489" intensity="0.06" type="0"/>
    <Peak1D F1="2.7474" intensity="0.06" type="0"/>
    <Peak1D F1="2.7425" intensity="0.07" type="0"/>
    <Peak1D F1="2.7417" intensity="0.07" type="0"/>
    <Peak1D F1="2.7409" intensity="0.07" type="0"/>
    <Peak1D F1="2.7389" intensity="0.07" type="0"/>
    <Peak1D F1="2.7306" intensity="0.08" type="0"/>
    <Peak1D F1="2.7290" intensity="0.08" type="0"/>
    <Peak1D F1="2.7205" intensity="0.12" type="0"/>
    <Peak1D F1="2.7031" intensity="0.07" type="0"/>
    <Peak1D F1="2.7016" intensity="0.07" type="0"/>
    <Peak1D F1="2.6953" intensity="0.08" type="0"/>
    <Peak1D F1="2.6945" intensity="0.09" type="0"/>
    <Peak1D F1="2.6920" intensity="0.09" type="0"/>
    <Peak1D F1="2.6913" intensity="0.09" type="0"/>
    <Peak1D F1="2.6882" intensity="0.09" type="0"/>
    <Peak1D F1="2.6860" intensity="0.09" type="0"/>
    <Peak1D F1="2.6835" intensity="0.09" type="0"/>
    <Peak1D F1="2.6825" intensity="0.09" type="0"/>
    <Peak1D F1="2.6725" intensity="0.12" type="0"/>
    <Peak1D F1="2.6561" intensity="1.59" type="0"/>
    <Peak1D F1="2.6475" intensity="0.17" type="0"/>
    <Peak1D F1="2.6379" intensity="0.21" type="0"/>
    <Peak1D F1="2.5512" intensity="200.00" type="0"/>
    <Peak1D F1="2.5159" intensity="0.47" type="0"/>
    <Peak1D F1="2.5015" intensity="0.04" type="0"/>
    <Peak1D F1="2.4447" intensity="1.46" type="0"/>
    <Peak1D F1="2.4287" intensity="-0.02" type="0"/>
    <Peak1D F1="2.4203" intensity="-0.02" type="0"/>
    <Peak1D F1="2.4195" intensity="-0.02" type="0"/>
    <Peak1D F1="2.4175" intensity="-0.02" type="0"/>
    <Peak1D F1="2.4161" intensity="-0.02" type="0"/>
    <Peak1D F1="2.4151" intensity="-0.02" type="0"/>
    <Peak1D F1="2.4140" intensity="-0.02" type="0"/>
    <Peak1D F1="2.4122" intensity="-0.02" type="0"/>
    <Peak1D F1="2.4113" intensity="-0.02" type="0"/>
    <Peak1D F1="2.3871" intensity="0.02" type="0"/>
    <Peak1D F1="2.3827" intensity="-0.07" type="0"/>
    <Peak1D F1="2.3741" intensity="-0.04" type="0"/>
    <Peak1D F1="2.3733" intensity="-0.04" type="0"/>
    <Peak1D F1="2.3663" intensity="-0.03" type="0"/>
    <Peak1D F1="2.3649" intensity="-0.03" type="0"/>
    <Peak1D F1="2.3634" intensity="-0.03" type="0"/>
    <Peak1D F1="2.3622" intensity="-0.03" type="0"/>
    <Peak1D F1="2.3558" intensity="-0.02" type="0"/>
    <Peak1D F1="2.3535" intensity="-0.03" type="0"/>
    <Peak1D F1="2.3517" intensity="-0.02" type="0"/>
    <Peak1D F1="2.3501" intensity="-0.02" type="0"/>
    <Peak1D F1="2.3495" intensity="-0.02" type="0"/>
    <Peak1D F1="2.3411" intensity="0.41" type="0"/>
    <Peak1D F1="2.3311" intensity="-0.02" type="0"/>
    <Peak1D F1="2.3303" intensity="-0.02" type="0"/>
    <Peak1D F1="2.3294" intensity="-0.02" type="0"/>
    <Peak1D F1="2.3237" intensity="-0.02" type="0"/>
    <Peak1D F1="2.3226" intensity="-0.02" type="0"/>
    <Peak1D F1="2.3211" intensity="-0.02" type="0"/>
    <Peak1D F1="2.3203" intensity="-0.02" type="0"/>
    <Peak1D F1="2.3191" intensity="-0.02" type="0"/>
    <Peak1D F1="2.3156" intensity="-0.02" type="0"/>
    <Peak1D F1="2.3000" intensity="0.52" type="0"/>
    <Peak1D F1="2.2865" intensity="-0.02" type="0"/>
    <Peak1D F1="2.2843" intensity="-0.02" type="0"/>
    <Peak1D F1="2.2814" intensity="-0.02" type="0"/>
    <Peak1D F1="2.2551" intensity="0.86" type="0"/>
    <Peak1D F1="2.2199" intensity="-0.03" type="0"/>
    <Peak1D F1="2.0086" intensity="0.02" type="0"/>
    <Peak1D F1="1.7055" intensity="0.17" type="0"/>
    <Peak1D F1="1.6967" intensity="0.13" type="0"/>
    <Peak1D F1="1.6595" intensity="0.05" type="0"/>
    <Peak1D F1="1.6486" intensity="0.05" type="0"/>
    <Peak1D F1="1.3927" intensity="0.33" type="0"/>
    <Peak1D F1="1.3841" intensity="0.33" type="0"/>
    <Peak1D F1="1.3371" intensity="0.02" type="0"/>
    <Peak1D F1="1.3323" intensity="0.03" type="0"/>
    <Peak1D F1="1.3286" intensity="0.03" type="0"/>
    <Peak1D F1="1.3218" intensity="0.03" type="0"/>
    <Peak1D F1="1.3187" intensity="0.03" type="0"/>
    <Peak1D F1="1.3178" intensity="0.03" type="0"/>
    <Peak1D F1="1.3156" intensity="0.04" type="0"/>
    <Peak1D F1="1.3109" intensity="0.04" type="0"/>
    <Peak1D F1="1.3068" intensity="0.05" type="0"/>
    <Peak1D F1="1.3015" intensity="0.05" type="0"/>
    <Peak1D F1="1.3011" intensity="0.05" type="0"/>
    <Peak1D F1="1.2983" intensity="0.05" type="0"/>
    <Peak1D F1="1.2970" intensity="0.05" type="0"/>
    <Peak1D F1="1.2955" intensity="0.05" type="0"/>
    <Peak1D F1="1.2943" intensity="0.05" type="0"/>
    <Peak1D F1="1.2932" intensity="0.05" type="0"/>
    <Peak1D F1="1.2926" intensity="0.05" type="0"/>
    <Peak1D F1="1.2916" intensity="0.05" type="0"/>
    <Peak1D F1="1.2894" intensity="0.05" type="0"/>
    <Peak1D F1="1.2888" intensity="0.05" type="0"/>
    <Peak1D F1="1.2868" intensity="0.05" type="0"/>
    <Peak1D F1="1.2861" intensity="0.05" type="0"/>
    <Peak1D F1="1.2768" intensity="0.07" type="0"/>
    <Peak1D F1="1.2672" intensity="0.08" type="0"/>
    <Peak1D F1="1.2636" intensity="0.08" type="0"/>
    <Peak1D F1="1.2599" intensity="0.07" type="0"/>
    <Peak1D F1="1.2588" intensity="0.07" type="0"/>
    <Peak1D F1="1.2574" intensity="0.07" type="0"/>
    <Peak1D F1="1.2470" intensity="0.13" type="0"/>
    <Peak1D F1="1.2343" intensity="0.06" type="0"/>
    <Peak1D F1="1.2306" intensity="0.02" type="0"/>
    <Peak1D F1="1.2217" intensity="0.04" type="0"/>
    <Peak1D F1="1.2133" intensity="0.02" type="0"/>
    <Peak1D F1="1.2094" intensity="0.02" type="0"/>
    <Peak1D F1="1.1829" intensity="0.02" type="0"/>
    <Peak1D F1="1.1806" intensity="0.02" type="0"/>
    <Peak1D F1="1.1721" intensity="0.03" type="0"/>
    <Peak1D F1="1.1666" intensity="0.03" type="0"/>
    <Peak1D F1="1.1658" intensity="0.03" type="0"/>
    <Peak1D F1="1.1647" intensity="0.03" type="0"/>
    <Peak1D F1="1.1638" intensity="0.03" type="0"/>
    <Peak1D F1="1.1625" intensity="0.03" type="0"/>
    <Peak1D F1="1.1557" intensity="0.04" type="0"/>
    <Peak1D F1="1.1521" intensity="0.04" type="0"/>
    <Peak1D F1="1.1474" intensity="0.03" type="0"/>
    <Peak1D F1="1.1460" intensity="0.03" type="0"/>
    <Peak1D F1="1.1447" intensity="0.03" type="0"/>
    <Peak1D F1="1.1390" intensity="0.03" type="0"/>
    <Peak1D F1="1.1265" intensity="0.02" type="0"/>
    <Peak1D F1="1.1011" intensity="0.03" type="0"/>
    <Peak1D F1="1.0904" intensity="0.03" type="0"/>
    <Peak1D F1="1.0497" intensity="0.04" type="0"/>
    <Peak1D F1="0.9351" intensity="0.09" type="0"/>
    <Peak1D F1="0.9298" intensity="0.02" type="0"/>
    <Peak1D F1="0.9242" intensity="0.07" type="0"/>
    <Peak1D F1="0.8868" intensity="0.04" type="0"/>
    <Peak1D F1="0.8756" intensity="0.08" type="0"/>
    <Peak1D F1="0.8637" intensity="0.04" type="0"/>
    <Peak1D F1="0.0781" annotation="TMS" intensity="0.03" type="5"/>
    <Peak1D F1="0.0724" annotation="TMS" intensity="0.61" type="5"/>
    <Peak1D F1="0.0663" annotation="TMS" intensity="0.02" type="5"/>
  </PeakList1D>
</PeakList>
